Synthetic Lethal Pair, , Size of minReSet, Reactions in minReSet 
CPPPGO, CPPPGO2, 13, CPPPGO, HCYSMT, RHCCE, AHCYSNS, O2tpp, O2tex, EX_o2_e, CPPPGO2, 5DOAN, DM_5drib_c, MTHTHFSs, DHPTDCs2, DM_mththf_c
IMPD, XPPT, 4, IMPD, XPPT, HXPRT, HXAND
IMPD, HXAND, 4, IMPD, XPPT, HXPRT, HXAND
ECOAH4, 3OAS100, 15, ECOAH4, MACPD, HACD4, ACOATA, ACACT4r, FADRx2, AACPS8, AACPS9, FACOAE100, FACOAE80, EAR100x, 3OAS100, 3OAR100, 3HAD100, ACOAD4f
ECOAH4, 3OAR100, 15, ECOAH4, MACPD, HACD4, ACOATA, ACACT4r, FADRx2, AACPS8, AACPS9, FACOAE100, FACOAE80, EAR100x, 3OAS100, 3OAR100, 3HAD100, ACOAD4f
ECOAH4, 3HAD100, 15, ECOAH4, MACPD, HACD4, ACOATA, ACACT4r, FADRx2, AACPS8, AACPS9, FACOAE100, FACOAE80, EAR100x, 3OAS100, 3OAR100, 3HAD100, ACOAD4f
ALATA_L, VPAMTr, 3, ALATA_L, VALTA, VPAMTr
VALTA, VPAMTr, 3, ALATA_L, VALTA, VPAMTr
ECOAH1, 3HAD80, 29, MACPD, ECOAH1, ECOAH2, ECOAH3, HACD1, HACD2, ACOATA, ACACT2r, ACACT3r, HACD3, ACACT1r, FADRx2, KAS15, FACOAE80, 3HAD80, 3HAD40, 3OAS60, 3OAR60, 3OAR80, 3OAS80, 3OAR40, 3HAD60, EAR40x, EAR60x, EAR80x, ACOAD3f, ACOAD2f, FA80ACPHi, ACOAD1fr
ECOAH1, 3HAD40, 29, MACPD, ECOAH1, ECOAH2, ECOAH3, HACD1, HACD2, ACOATA, ACACT2r, ACACT3r, HACD3, ACACT1r, FADRx2, KAS15, FACOAE80, 3HAD80, 3HAD40, 3OAS60, 3OAR60, 3OAR80, 3OAS80, 3OAR40, 3HAD60, EAR40x, EAR60x, EAR80x, ACOAD3f, ACOAD2f, FA80ACPHi, ACOAD1fr
ECOAH1, 3OAS60, 29, MACPD, ECOAH1, ECOAH2, ECOAH3, HACD1, HACD2, ACOATA, ACACT2r, ACACT3r, HACD3, ACACT1r, FADRx2, KAS15, FACOAE80, 3HAD80, 3HAD40, 3OAS60, 3OAR60, 3OAR80, 3OAS80, 3OAR40, 3HAD60, EAR40x, EAR60x, EAR80x, ACOAD3f, ACOAD2f, FA80ACPHi, ACOAD1fr
ECOAH1, 3OAR60, 29, MACPD, ECOAH1, ECOAH2, ECOAH3, HACD1, HACD2, ACOATA, ACACT2r, ACACT3r, HACD3, ACACT1r, FADRx2, KAS15, FACOAE80, 3HAD80, 3HAD40, 3OAS60, 3OAR60, 3OAR80, 3OAS80, 3OAR40, 3HAD60, EAR40x, EAR60x, EAR80x, ACOAD3f, ACOAD2f, FA80ACPHi, ACOAD1fr
ECOAH1, 3OAR80, 29, MACPD, ECOAH1, ECOAH2, ECOAH3, HACD1, HACD2, ACOATA, ACACT2r, ACACT3r, HACD3, ACACT1r, FADRx2, KAS15, FACOAE80, 3HAD80, 3HAD40, 3OAS60, 3OAR60, 3OAR80, 3OAS80, 3OAR40, 3HAD60, EAR40x, EAR60x, EAR80x, ACOAD3f, ACOAD2f, FA80ACPHi, ACOAD1fr
ECOAH1, 3OAS80, 29, MACPD, ECOAH1, ECOAH2, ECOAH3, HACD1, HACD2, ACOATA, ACACT2r, ACACT3r, HACD3, ACACT1r, FADRx2, KAS15, FACOAE80, 3HAD80, 3HAD40, 3OAS60, 3OAR60, 3OAR80, 3OAS80, 3OAR40, 3HAD60, EAR40x, EAR60x, EAR80x, ACOAD3f, ACOAD2f, FA80ACPHi, ACOAD1fr
ECOAH1, 3OAS100, 43, ECOAH4, PPA, MACPD, ECOAH1, ECOAH2, ECOAH3, HACD4, ADK1, HACD1, HACD2, ACOATA, H2Otex, ACACT2r, ACACT3r, ACACT4r, H2Otpp, EX_h2o_e, HACD3, ACACT1r, FADRx2, AACPS8, KAS15, FACOAE100, 3HAD80, 3HAD40, 3OAS60, 3OAR60, 3OAR80, EAR100x, 3OAS80, 3OAS100, 3OAR40, 3OAR100, 3HAD60, 3HAD100, EAR40x, EAR60x, EAR80x, ACOAD3f, ACOAD2f, ACOAD4f, FA100ACPHi, ACOAD1fr
ECOAH1, 3OAR40, 29, MACPD, ECOAH1, ECOAH2, ECOAH3, HACD1, HACD2, ACOATA, ACACT2r, ACACT3r, HACD3, ACACT1r, FADRx2, KAS15, FACOAE80, 3HAD80, 3HAD40, 3OAS60, 3OAR60, 3OAR80, 3OAS80, 3OAR40, 3HAD60, EAR40x, EAR60x, EAR80x, ACOAD3f, ACOAD2f, FA80ACPHi, ACOAD1fr
ECOAH1, 3OAR100, 43, ECOAH4, PPA, MACPD, ECOAH1, ECOAH2, ECOAH3, HACD4, ADK1, HACD1, HACD2, ACOATA, H2Otex, ACACT2r, ACACT3r, ACACT4r, H2Otpp, EX_h2o_e, HACD3, ACACT1r, FADRx2, AACPS8, KAS15, FACOAE100, 3HAD80, 3HAD40, 3OAS60, 3OAR60, 3OAR80, EAR100x, 3OAS80, 3OAS100, 3OAR40, 3OAR100, 3HAD60, 3HAD100, EAR40x, EAR60x, EAR80x, ACOAD3f, ACOAD2f, ACOAD4f, FA100ACPHi, ACOAD1fr
ECOAH1, 3HAD60, 29, MACPD, ECOAH1, ECOAH2, ECOAH3, HACD1, HACD2, ACOATA, ACACT2r, ACACT3r, HACD3, ACACT1r, FADRx2, KAS15, FACOAE80, 3HAD80, 3HAD40, 3OAS60, 3OAR60, 3OAR80, 3OAS80, 3OAR40, 3HAD60, EAR40x, EAR60x, EAR80x, ACOAD3f, ACOAD2f, FA80ACPHi, ACOAD1fr
ECOAH1, 3HAD100, 43, ECOAH4, PPA, MACPD, ECOAH1, ECOAH2, ECOAH3, HACD4, ADK1, HACD1, HACD2, ACOATA, H2Otex, ACACT2r, ACACT3r, ACACT4r, H2Otpp, EX_h2o_e, HACD3, ACACT1r, FADRx2, AACPS8, KAS15, FACOAE100, 3HAD80, 3HAD40, 3OAS60, 3OAR60, 3OAR80, EAR100x, 3OAS80, 3OAS100, 3OAR40, 3OAR100, 3HAD60, 3HAD100, EAR40x, EAR60x, EAR80x, ACOAD3f, ACOAD2f, ACOAD4f, FA100ACPHi, ACOAD1fr
ECOAH2, 3HAD80, 29, MACPD, ECOAH1, ECOAH2, ECOAH3, HACD1, HACD2, ACOATA, ACACT2r, ACACT3r, HACD3, ACACT1r, FADRx2, KAS15, FACOAE80, 3HAD80, 3HAD40, 3OAS60, 3OAR60, 3OAR80, 3OAS80, 3OAR40, 3HAD60, EAR40x, EAR60x, EAR80x, ACOAD3f, ACOAD2f, FA80ACPHi, ACOAD1fr
ECOAH2, 3HAD40, 29, MACPD, ECOAH1, ECOAH2, ECOAH3, HACD1, HACD2, ACOATA, ACACT2r, ACACT3r, HACD3, ACACT1r, FADRx2, KAS15, FACOAE80, 3HAD80, 3HAD40, 3OAS60, 3OAR60, 3OAR80, 3OAS80, 3OAR40, 3HAD60, EAR40x, EAR60x, EAR80x, ACOAD3f, ACOAD2f, FA80ACPHi, ACOAD1fr
ECOAH2, 3OAS60, 29, MACPD, ECOAH1, ECOAH2, ECOAH3, HACD1, HACD2, ACOATA, ACACT2r, ACACT3r, HACD3, ACACT1r, FADRx2, KAS15, FACOAE80, 3HAD80, 3HAD40, 3OAS60, 3OAR60, 3OAR80, 3OAS80, 3OAR40, 3HAD60, EAR40x, EAR60x, EAR80x, ACOAD3f, ACOAD2f, FA80ACPHi, ACOAD1fr
ECOAH2, 3OAR60, 29, MACPD, ECOAH1, ECOAH2, ECOAH3, HACD1, HACD2, ACOATA, ACACT2r, ACACT3r, HACD3, ACACT1r, FADRx2, KAS15, FACOAE80, 3HAD80, 3HAD40, 3OAS60, 3OAR60, 3OAR80, 3OAS80, 3OAR40, 3HAD60, EAR40x, EAR60x, EAR80x, ACOAD3f, ACOAD2f, FA80ACPHi, ACOAD1fr
ECOAH2, 3OAR80, 29, MACPD, ECOAH1, ECOAH2, ECOAH3, HACD1, HACD2, ACOATA, ACACT2r, ACACT3r, HACD3, ACACT1r, FADRx2, KAS15, FACOAE80, 3HAD80, 3HAD40, 3OAS60, 3OAR60, 3OAR80, 3OAS80, 3OAR40, 3HAD60, EAR40x, EAR60x, EAR80x, ACOAD3f, ACOAD2f, FA80ACPHi, ACOAD1fr
ECOAH2, 3OAS80, 29, MACPD, ECOAH1, ECOAH2, ECOAH3, HACD1, HACD2, ACOATA, ACACT2r, ACACT3r, HACD3, ACACT1r, FADRx2, KAS15, FACOAE80, 3HAD80, 3HAD40, 3OAS60, 3OAR60, 3OAR80, 3OAS80, 3OAR40, 3HAD60, EAR40x, EAR60x, EAR80x, ACOAD3f, ACOAD2f, FA80ACPHi, ACOAD1fr
ECOAH2, 3OAS100, 43, ECOAH4, PPA, MACPD, ECOAH1, ECOAH2, ECOAH3, HACD4, ADK1, HACD1, HACD2, ACOATA, H2Otex, ACACT2r, ACACT3r, ACACT4r, H2Otpp, EX_h2o_e, HACD3, ACACT1r, FADRx2, AACPS8, KAS15, FACOAE100, 3HAD80, 3HAD40, 3OAS60, 3OAR60, 3OAR80, EAR100x, 3OAS80, 3OAS100, 3OAR40, 3OAR100, 3HAD60, 3HAD100, EAR40x, EAR60x, EAR80x, ACOAD3f, ACOAD2f, ACOAD4f, FA100ACPHi, ACOAD1fr
ECOAH2, 3OAR40, 29, MACPD, ECOAH1, ECOAH2, ECOAH3, HACD1, HACD2, ACOATA, ACACT2r, ACACT3r, HACD3, ACACT1r, FADRx2, KAS15, FACOAE80, 3HAD80, 3HAD40, 3OAS60, 3OAR60, 3OAR80, 3OAS80, 3OAR40, 3HAD60, EAR40x, EAR60x, EAR80x, ACOAD3f, ACOAD2f, FA80ACPHi, ACOAD1fr
ECOAH2, 3OAR100, 43, ECOAH4, PPA, MACPD, ECOAH1, ECOAH2, ECOAH3, HACD4, ADK1, HACD1, HACD2, ACOATA, H2Otex, ACACT2r, ACACT3r, ACACT4r, H2Otpp, EX_h2o_e, HACD3, ACACT1r, FADRx2, AACPS8, KAS15, FACOAE100, 3HAD80, 3HAD40, 3OAS60, 3OAR60, 3OAR80, EAR100x, 3OAS80, 3OAS100, 3OAR40, 3OAR100, 3HAD60, 3HAD100, EAR40x, EAR60x, EAR80x, ACOAD3f, ACOAD2f, ACOAD4f, FA100ACPHi, ACOAD1fr
ECOAH2, 3HAD60, 29, MACPD, ECOAH1, ECOAH2, ECOAH3, HACD1, HACD2, ACOATA, ACACT2r, ACACT3r, HACD3, ACACT1r, FADRx2, KAS15, FACOAE80, 3HAD80, 3HAD40, 3OAS60, 3OAR60, 3OAR80, 3OAS80, 3OAR40, 3HAD60, EAR40x, EAR60x, EAR80x, ACOAD3f, ACOAD2f, FA80ACPHi, ACOAD1fr
ECOAH2, 3HAD100, 43, ECOAH4, PPA, MACPD, ECOAH1, ECOAH2, ECOAH3, HACD4, ADK1, HACD1, HACD2, ACOATA, H2Otex, ACACT2r, ACACT3r, ACACT4r, H2Otpp, EX_h2o_e, HACD3, ACACT1r, FADRx2, AACPS8, KAS15, FACOAE100, 3HAD80, 3HAD40, 3OAS60, 3OAR60, 3OAR80, EAR100x, 3OAS80, 3OAS100, 3OAR40, 3OAR100, 3HAD60, 3HAD100, EAR40x, EAR60x, EAR80x, ACOAD3f, ACOAD2f, ACOAD4f, FA100ACPHi, ACOAD1fr
ECOAH3, 3HAD80, 29, MACPD, ECOAH1, ECOAH2, ECOAH3, HACD1, HACD2, ACOATA, ACACT2r, ACACT3r, HACD3, ACACT1r, FADRx2, KAS15, FACOAE80, 3HAD80, 3HAD40, 3OAS60, 3OAR60, 3OAR80, 3OAS80, 3OAR40, 3HAD60, EAR40x, EAR60x, EAR80x, ACOAD3f, ACOAD2f, FA80ACPHi, ACOAD1fr
ECOAH3, 3HAD40, 29, MACPD, ECOAH1, ECOAH2, ECOAH3, HACD1, HACD2, ACOATA, ACACT2r, ACACT3r, HACD3, ACACT1r, FADRx2, KAS15, FACOAE80, 3HAD80, 3HAD40, 3OAS60, 3OAR60, 3OAR80, 3OAS80, 3OAR40, 3HAD60, EAR40x, EAR60x, EAR80x, ACOAD3f, ACOAD2f, FA80ACPHi, ACOAD1fr
ECOAH3, 3OAS60, 29, MACPD, ECOAH1, ECOAH2, ECOAH3, HACD1, HACD2, ACOATA, ACACT2r, ACACT3r, HACD3, ACACT1r, FADRx2, KAS15, FACOAE80, 3HAD80, 3HAD40, 3OAS60, 3OAR60, 3OAR80, 3OAS80, 3OAR40, 3HAD60, EAR40x, EAR60x, EAR80x, ACOAD3f, ACOAD2f, FA80ACPHi, ACOAD1fr
ECOAH3, 3OAR60, 29, MACPD, ECOAH1, ECOAH2, ECOAH3, HACD1, HACD2, ACOATA, ACACT2r, ACACT3r, HACD3, ACACT1r, FADRx2, KAS15, FACOAE80, 3HAD80, 3HAD40, 3OAS60, 3OAR60, 3OAR80, 3OAS80, 3OAR40, 3HAD60, EAR40x, EAR60x, EAR80x, ACOAD3f, ACOAD2f, FA80ACPHi, ACOAD1fr
ECOAH3, 3OAR80, 29, MACPD, ECOAH1, ECOAH2, ECOAH3, HACD1, HACD2, ACOATA, ACACT2r, ACACT3r, HACD3, ACACT1r, FADRx2, KAS15, FACOAE80, 3HAD80, 3HAD40, 3OAS60, 3OAR60, 3OAR80, 3OAS80, 3OAR40, 3HAD60, EAR40x, EAR60x, EAR80x, ACOAD3f, ACOAD2f, FA80ACPHi, ACOAD1fr
ECOAH3, 3OAS80, 29, MACPD, ECOAH1, ECOAH2, ECOAH3, HACD1, HACD2, ACOATA, ACACT2r, ACACT3r, HACD3, ACACT1r, FADRx2, KAS15, FACOAE80, 3HAD80, 3HAD40, 3OAS60, 3OAR60, 3OAR80, 3OAS80, 3OAR40, 3HAD60, EAR40x, EAR60x, EAR80x, ACOAD3f, ACOAD2f, FA80ACPHi, ACOAD1fr
ECOAH3, 3OAS100, 39, ECOAH4, MACPD, ECOAH1, ECOAH2, ECOAH3, HACD4, HACD1, HACD2, NADTRHD, ACOATA, ACACT2r, ACACT3r, ACACT4r, HACD3, ACACT1r, FADRx2, KAS15, FACOAE100, 3HAD80, EAR80y, 3HAD40, 3OAS60, 3OAR60, 3OAR80, EAR100x, 3OAS80, 3OAS100, 3OAR40, 3OAR100, 3HAD60, 3HAD100, EAR40x, EAR60x, EAR80x, ACOAD3f, ACOAD2f, ACOAD4f, FA100ACPHi, ACOAD1fr
ECOAH3, 3OAR40, 29, MACPD, ECOAH1, ECOAH2, ECOAH3, HACD1, HACD2, ACOATA, ACACT2r, ACACT3r, HACD3, ACACT1r, FADRx2, KAS15, FACOAE80, 3HAD80, 3HAD40, 3OAS60, 3OAR60, 3OAR80, 3OAS80, 3OAR40, 3HAD60, EAR40x, EAR60x, EAR80x, ACOAD3f, ACOAD2f, FA80ACPHi, ACOAD1fr
ECOAH3, 3OAR100, 40, ECOAH4, MACPD, ECOAH1, ECOAH2, ECOAH3, HACD4, HACD1, HACD2, NADTRHD, ACOATA, ACACT2r, ACACT3r, ACACT4r, HACD3, ACACT1r, FADRx2, KAS15, FACOAE100, 3HAD80, EAR80y, 3HAD40, 3OAS60, 3OAR60, 3OAR80, EAR100x, 3OAS80, 3OAS100, 3OAR40, 3OAR100, 3HAD60, 3HAD100, EAR40x, EAR60x, EAR80x, ACOAD3f, ACOAD2f, ACOAD4f, FA100ACPHi, ACOAD1fr, ACOAD1f
ECOAH3, 3HAD60, 29, MACPD, ECOAH1, ECOAH2, ECOAH3, HACD1, HACD2, ACOATA, ACACT2r, ACACT3r, HACD3, ACACT1r, FADRx2, KAS15, FACOAE80, 3HAD80, 3HAD40, 3OAS60, 3OAR60, 3OAR80, 3OAS80, 3OAR40, 3HAD60, EAR40x, EAR60x, EAR80x, ACOAD3f, ACOAD2f, FA80ACPHi, ACOAD1fr
ECOAH3, 3HAD100, 39, ECOAH4, MACPD, ECOAH1, ECOAH2, ECOAH3, HACD4, HACD1, HACD2, NADTRHD, ACOATA, ACACT2r, ACACT3r, ACACT4r, HACD3, ACACT1r, FADRx2, KAS15, FACOAE100, 3HAD80, EAR80y, 3HAD40, 3OAS60, 3OAR60, 3OAR80, EAR100x, 3OAS80, 3OAS100, 3OAR40, 3OAR100, 3HAD60, 3HAD100, EAR40x, EAR60x, EAR80x, ACOAD3f, ACOAD2f, ACOAD4f, FA100ACPHi, ACOAD1fr
PPC, MALS, 24, CS, ICDHyr, PYK, ENO, MDH, FUM, ICL, PPC, GLXCL, NADTRHD, MALS, AKGDH, GLYCK2, MDH2, H2Otex, TRSARr, NADPHQR2, H2Otpp, EX_h2o_e, PDH, SUCOAS, SUCDi, ACONTb, ACONTa
HACD4, 3OAS100, 15, ECOAH4, MACPD, HACD4, ACOATA, ACACT4r, FADRx2, AACPS8, AACPS9, FACOAE100, FACOAE80, EAR100x, 3OAS100, 3OAR100, 3HAD100, ACOAD4f
HACD4, 3OAR100, 15, ECOAH4, MACPD, HACD4, ACOATA, ACACT4r, FADRx2, AACPS8, AACPS9, FACOAE100, FACOAE80, EAR100x, 3OAS100, 3OAR100, 3HAD100, ACOAD4f
HACD4, 3HAD100, 15, ECOAH4, MACPD, HACD4, ACOATA, ACACT4r, FADRx2, AACPS8, AACPS9, FACOAE100, FACOAE80, EAR100x, 3OAS100, 3OAR100, 3HAD100, ACOAD4f
AACPS3, 3OAR160, 15, MACPD, HACD7, AACPS1, AACPS3, ACOATA, ACACT7r, FACOAE160, FACOAE140, FADRx2, ECOAH7, 3OAR160, 3OAS160, EAR160x, 3HAD160, ACOAD7f
AACPS3, 3OAS160, 15, MACPD, HACD7, AACPS1, AACPS3, ACOATA, ACACT7r, FACOAE160, FACOAE140, FADRx2, ECOAH7, 3OAR160, 3OAS160, EAR160x, 3HAD160, ACOAD7f
AACPS3, 3HAD160, 15, MACPD, HACD7, AACPS1, AACPS3, ACOATA, ACACT7r, FACOAE160, FACOAE140, FADRx2, ECOAH7, 3OAR160, 3OAS160, EAR160x, 3HAD160, ACOAD7f
AACPS4, 3OAS161, 17, MACPD, HACD7, AACPS2, AACPS4, ACOATA, ACACT7r, FADRx2, ECOAH7, 3OAS161, EAR161x, FACOAE141, FACOAE161, 3HAD161, 3OAR161, ACOAD6f, CTECOAI6, CTECOAI7
AACPS4, 3HAD161, 17, MACPD, HACD7, AACPS2, AACPS4, ACOATA, ACACT7r, FADRx2, ECOAH7, 3OAS161, EAR161x, FACOAE141, FACOAE161, 3HAD161, 3OAR161, ACOAD6f, CTECOAI6, CTECOAI7
AACPS4, 3OAR161, 17, MACPD, HACD7, AACPS2, AACPS4, ACOATA, ACACT7r, FADRx2, ECOAH7, 3OAS161, EAR161x, FACOAE141, FACOAE161, 3HAD161, 3OAR161, ACOAD6f, CTECOAI6, CTECOAI7
HACD1, 3HAD80, 29, MACPD, ECOAH1, ECOAH2, ECOAH3, HACD1, HACD2, ACOATA, ACACT2r, ACACT3r, HACD3, ACACT1r, FADRx2, KAS15, FACOAE80, 3HAD80, 3HAD40, 3OAS60, 3OAR60, 3OAR80, 3OAS80, 3OAR40, 3HAD60, EAR40x, EAR60x, EAR80x, ACOAD3f, ACOAD2f, FA80ACPHi, ACOAD1fr
HACD1, 3HAD40, 29, MACPD, ECOAH1, ECOAH2, ECOAH3, HACD1, HACD2, ACOATA, ACACT2r, ACACT3r, HACD3, ACACT1r, FADRx2, KAS15, FACOAE80, 3HAD80, 3HAD40, 3OAS60, 3OAR60, 3OAR80, 3OAS80, 3OAR40, 3HAD60, EAR40x, EAR60x, EAR80x, ACOAD3f, ACOAD2f, FA80ACPHi, ACOAD1fr
HACD1, 3OAS60, 29, MACPD, ECOAH1, ECOAH2, ECOAH3, HACD1, HACD2, ACOATA, ACACT2r, ACACT3r, HACD3, ACACT1r, FADRx2, KAS15, FACOAE80, 3HAD80, 3HAD40, 3OAS60, 3OAR60, 3OAR80, 3OAS80, 3OAR40, 3HAD60, EAR40x, EAR60x, EAR80x, ACOAD3f, ACOAD2f, FA80ACPHi, ACOAD1fr
HACD1, 3OAR60, 29, MACPD, ECOAH1, ECOAH2, ECOAH3, HACD1, HACD2, ACOATA, ACACT2r, ACACT3r, HACD3, ACACT1r, FADRx2, KAS15, FACOAE80, 3HAD80, 3HAD40, 3OAS60, 3OAR60, 3OAR80, 3OAS80, 3OAR40, 3HAD60, EAR40x, EAR60x, EAR80x, ACOAD3f, ACOAD2f, FA80ACPHi, ACOAD1fr
HACD1, 3OAR80, 29, MACPD, ECOAH1, ECOAH2, ECOAH3, HACD1, HACD2, ACOATA, ACACT2r, ACACT3r, HACD3, ACACT1r, FADRx2, KAS15, FACOAE80, 3HAD80, 3HAD40, 3OAS60, 3OAR60, 3OAR80, 3OAS80, 3OAR40, 3HAD60, EAR40x, EAR60x, EAR80x, ACOAD3f, ACOAD2f, FA80ACPHi, ACOAD1fr
HACD1, 3OAS80, 29, MACPD, ECOAH1, ECOAH2, ECOAH3, HACD1, HACD2, ACOATA, ACACT2r, ACACT3r, HACD3, ACACT1r, FADRx2, KAS15, FACOAE80, 3HAD80, 3HAD40, 3OAS60, 3OAR60, 3OAR80, 3OAS80, 3OAR40, 3HAD60, EAR40x, EAR60x, EAR80x, ACOAD3f, ACOAD2f, FA80ACPHi, ACOAD1fr
HACD1, 3OAS100, 43, ECOAH4, PPA, MACPD, ECOAH1, ECOAH2, ECOAH3, HACD4, ADK1, HACD1, HACD2, ACOATA, H2Otex, ACACT2r, ACACT3r, ACACT4r, H2Otpp, EX_h2o_e, HACD3, ACACT1r, FADRx2, AACPS8, KAS15, FACOAE100, 3HAD80, 3HAD40, 3OAS60, 3OAR60, 3OAR80, EAR100x, 3OAS80, 3OAS100, 3OAR40, 3OAR100, 3HAD60, 3HAD100, EAR40x, EAR60x, EAR80x, ACOAD3f, ACOAD2f, ACOAD4f, FA100ACPHi, ACOAD1fr
HACD1, 3OAR40, 29, MACPD, ECOAH1, ECOAH2, ECOAH3, HACD1, HACD2, ACOATA, ACACT2r, ACACT3r, HACD3, ACACT1r, FADRx2, KAS15, FACOAE80, 3HAD80, 3HAD40, 3OAS60, 3OAR60, 3OAR80, 3OAS80, 3OAR40, 3HAD60, EAR40x, EAR60x, EAR80x, ACOAD3f, ACOAD2f, FA80ACPHi, ACOAD1fr
HACD1, 3OAR100, 43, ECOAH4, PPA, MACPD, ECOAH1, ECOAH2, ECOAH3, HACD4, ADK1, HACD1, HACD2, ACOATA, H2Otex, ACACT2r, ACACT3r, ACACT4r, H2Otpp, EX_h2o_e, HACD3, ACACT1r, FADRx2, AACPS8, KAS15, FACOAE100, 3HAD80, 3HAD40, 3OAS60, 3OAR60, 3OAR80, EAR100x, 3OAS80, 3OAS100, 3OAR40, 3OAR100, 3HAD60, 3HAD100, EAR40x, EAR60x, EAR80x, ACOAD3f, ACOAD2f, ACOAD4f, FA100ACPHi, ACOAD1fr
HACD1, 3HAD60, 29, MACPD, ECOAH1, ECOAH2, ECOAH3, HACD1, HACD2, ACOATA, ACACT2r, ACACT3r, HACD3, ACACT1r, FADRx2, KAS15, FACOAE80, 3HAD80, 3HAD40, 3OAS60, 3OAR60, 3OAR80, 3OAS80, 3OAR40, 3HAD60, EAR40x, EAR60x, EAR80x, ACOAD3f, ACOAD2f, FA80ACPHi, ACOAD1fr
HACD1, 3HAD100, 43, ECOAH4, PPA, MACPD, ECOAH1, ECOAH2, ECOAH3, HACD4, ADK1, HACD1, HACD2, ACOATA, H2Otex, ACACT2r, ACACT3r, ACACT4r, H2Otpp, EX_h2o_e, HACD3, ACACT1r, FADRx2, AACPS8, KAS15, FACOAE100, 3HAD80, 3HAD40, 3OAS60, 3OAR60, 3OAR80, EAR100x, 3OAS80, 3OAS100, 3OAR40, 3OAR100, 3HAD60, 3HAD100, EAR40x, EAR60x, EAR80x, ACOAD3f, ACOAD2f, ACOAD4f, FA100ACPHi, ACOAD1fr
HACD2, 3HAD80, 29, MACPD, ECOAH1, ECOAH2, ECOAH3, HACD1, HACD2, ACOATA, ACACT2r, ACACT3r, HACD3, ACACT1r, FADRx2, KAS15, FACOAE80, 3HAD80, 3HAD40, 3OAS60, 3OAR60, 3OAR80, 3OAS80, 3OAR40, 3HAD60, EAR40x, EAR60x, EAR80x, ACOAD3f, ACOAD2f, FA80ACPHi, ACOAD1fr
HACD2, 3HAD40, 29, MACPD, ECOAH1, ECOAH2, ECOAH3, HACD1, HACD2, ACOATA, ACACT2r, ACACT3r, HACD3, ACACT1r, FADRx2, KAS15, FACOAE80, 3HAD80, 3HAD40, 3OAS60, 3OAR60, 3OAR80, 3OAS80, 3OAR40, 3HAD60, EAR40x, EAR60x, EAR80x, ACOAD3f, ACOAD2f, FA80ACPHi, ACOAD1fr
HACD2, 3OAS60, 29, MACPD, ECOAH1, ECOAH2, ECOAH3, HACD1, HACD2, ACOATA, ACACT2r, ACACT3r, HACD3, ACACT1r, FADRx2, KAS15, FACOAE80, 3HAD80, 3HAD40, 3OAS60, 3OAR60, 3OAR80, 3OAS80, 3OAR40, 3HAD60, EAR40x, EAR60x, EAR80x, ACOAD3f, ACOAD2f, FA80ACPHi, ACOAD1fr
HACD2, 3OAR60, 29, MACPD, ECOAH1, ECOAH2, ECOAH3, HACD1, HACD2, ACOATA, ACACT2r, ACACT3r, HACD3, ACACT1r, FADRx2, KAS15, FACOAE80, 3HAD80, 3HAD40, 3OAS60, 3OAR60, 3OAR80, 3OAS80, 3OAR40, 3HAD60, EAR40x, EAR60x, EAR80x, ACOAD3f, ACOAD2f, FA80ACPHi, ACOAD1fr
HACD2, 3OAR80, 29, MACPD, ECOAH1, ECOAH2, ECOAH3, HACD1, HACD2, ACOATA, ACACT2r, ACACT3r, HACD3, ACACT1r, FADRx2, KAS15, FACOAE80, 3HAD80, 3HAD40, 3OAS60, 3OAR60, 3OAR80, 3OAS80, 3OAR40, 3HAD60, EAR40x, EAR60x, EAR80x, ACOAD3f, ACOAD2f, FA80ACPHi, ACOAD1fr
HACD2, 3OAS80, 29, MACPD, ECOAH1, ECOAH2, ECOAH3, HACD1, HACD2, ACOATA, ACACT2r, ACACT3r, HACD3, ACACT1r, FADRx2, KAS15, FACOAE80, 3HAD80, 3HAD40, 3OAS60, 3OAR60, 3OAR80, 3OAS80, 3OAR40, 3HAD60, EAR40x, EAR60x, EAR80x, ACOAD3f, ACOAD2f, FA80ACPHi, ACOAD1fr
HACD2, 3OAS100, 43, ECOAH4, PPA, MACPD, ECOAH1, ECOAH2, ECOAH3, HACD4, ADK1, HACD1, HACD2, ACOATA, H2Otex, ACACT2r, ACACT3r, ACACT4r, H2Otpp, EX_h2o_e, HACD3, ACACT1r, FADRx2, AACPS8, KAS15, FACOAE100, 3HAD80, 3HAD40, 3OAS60, 3OAR60, 3OAR80, EAR100x, 3OAS80, 3OAS100, 3OAR40, 3OAR100, 3HAD60, 3HAD100, EAR40x, EAR60x, EAR80x, ACOAD3f, ACOAD2f, ACOAD4f, FA100ACPHi, ACOAD1fr
HACD2, 3OAR40, 29, MACPD, ECOAH1, ECOAH2, ECOAH3, HACD1, HACD2, ACOATA, ACACT2r, ACACT3r, HACD3, ACACT1r, FADRx2, KAS15, FACOAE80, 3HAD80, 3HAD40, 3OAS60, 3OAR60, 3OAR80, 3OAS80, 3OAR40, 3HAD60, EAR40x, EAR60x, EAR80x, ACOAD3f, ACOAD2f, FA80ACPHi, ACOAD1fr
HACD2, 3OAR100, 43, ECOAH4, PPA, MACPD, ECOAH1, ECOAH2, ECOAH3, HACD4, ADK1, HACD1, HACD2, ACOATA, H2Otex, ACACT2r, ACACT3r, ACACT4r, H2Otpp, EX_h2o_e, HACD3, ACACT1r, FADRx2, AACPS8, KAS15, FACOAE100, 3HAD80, 3HAD40, 3OAS60, 3OAR60, 3OAR80, EAR100x, 3OAS80, 3OAS100, 3OAR40, 3OAR100, 3HAD60, 3HAD100, EAR40x, EAR60x, EAR80x, ACOAD3f, ACOAD2f, ACOAD4f, FA100ACPHi, ACOAD1fr
HACD2, 3HAD60, 29, MACPD, ECOAH1, ECOAH2, ECOAH3, HACD1, HACD2, ACOATA, ACACT2r, ACACT3r, HACD3, ACACT1r, FADRx2, KAS15, FACOAE80, 3HAD80, 3HAD40, 3OAS60, 3OAR60, 3OAR80, 3OAS80, 3OAR40, 3HAD60, EAR40x, EAR60x, EAR80x, ACOAD3f, ACOAD2f, FA80ACPHi, ACOAD1fr
HACD2, 3HAD100, 43, ECOAH4, PPA, MACPD, ECOAH1, ECOAH2, ECOAH3, HACD4, ADK1, HACD1, HACD2, ACOATA, H2Otex, ACACT2r, ACACT3r, ACACT4r, H2Otpp, EX_h2o_e, HACD3, ACACT1r, FADRx2, AACPS8, KAS15, FACOAE100, 3HAD80, 3HAD40, 3OAS60, 3OAR60, 3OAR80, EAR100x, 3OAS80, 3OAS100, 3OAR40, 3OAR100, 3HAD60, 3HAD100, EAR40x, EAR60x, EAR80x, ACOAD3f, ACOAD2f, ACOAD4f, FA100ACPHi, ACOAD1fr
TRPS3, TRPS1, 3, TRPS2, TRPS3, TRPS1
NDPK2, PYK2, 3, PYK, NDPK2, PYK2
NDPK4, PYK6, 3, PYK, NDPK4, PYK6
TRDR, GTHOr, 5, GTHOr, TRDR, PAPSR, PAPSR2, GRXR
TRDR, PAPSR2, 5, GTHOr, TRDR, PAPSR, PAPSR2, GRXR
TRDR, GRXR, 5, GTHOr, TRDR, PAPSR, PAPSR2, GRXR
ASNS2, ASNS1, 3, ASNS2, GLUN, ASNS1
DMPPS, IPDDI, 3, DMPPS, IPDPS, IPDDI
IPDPS, IPDDI, 3, DMPPS, IPDPS, IPDDI
G3PD2, GLYK, 96, SHK3Dr, DB4PS, EX_pi_e, EX_arg__L_e, GLUTRS, ACALD, ALATA_L, GLYK, PSCVT, CHORM, CHORS, EX_glyc_e, FBA, PPS, RPE, ALDD2y, EX_val__L_e, RBFSa, PFL, EX_ile__L_e, EX_leu__L_e, EX_pro__L_e, DHQTi, EX_lys__L_e, GLUTRR, G1SAT, SADT2, HACD7, ADK1, TRDR, NADTRHD, DHAPT, EX_gthrd_e, PPNDH, DDPA, G3PD2, GLYCDx, SERAT, CYSS, BPNT, PAPSR, SULR, GLUCYS, PHETA1, ADSK, GLYCtex, THD2pp, ACACT7r, THRabcpp, VALabcpp, TKT2, ARGabcpp, ASNt2rpp, ILEtex, Ktex, ATPS4rpp, PHEtex, PItex, SO4tex, THRtex, LEUtex, LYStex, ALKP, VALtex, FACOAE140, ILEabcpp, Kabcpp, LEUabcpp, PIuabcpp, PROabcpp, ARGtex, GLYCtpp, LYSabcpp, EX_asn__L_e, PPK, SHKK, EX_so4_e, EX_phe__L_e, EX_thr__L_e, EX_k_e, DHQS, PROtex, PFK, TPI, ASNtex, GTHS, EX_g3pe_e, G3PEtex, ECOAH7, GTHRDabcpp, PHEt2rpp, SO4t2pp, GTHRDtex, FA140ACPHi, PYK3, BIOMASS_Ec_iML1515_core_75p37M
G3PD2, ALCD19, 6, G3PT, ALCD19, NADTRHD, G3PD2, TPI, GAPP
G3PD2, GAPP, 6, G3PT, ALCD19, NADTRHD, G3PD2, TPI, GAPP
PRPPS, R1PK, 5, PPM, ADK1, PRPPS, R1PK, R15BPK
PRPPS, R15BPK, 5, PPM, ADK1, PRPPS, R1PK, R15BPK
PAPSR, GTHOr, 5, GTHOr, TRDR, PAPSR, PAPSR2, GRXR
PAPSR, PAPSR2, 5, GTHOr, TRDR, PAPSR, PAPSR2, GRXR
PAPSR, GRXR, 5, GTHOr, TRDR, PAPSR, PAPSR2, GRXR
GMPS, GMPS2, 3, GMPS2, GLUN, GMPS
O2tpp, SUCCtex, 16, EX_succ_e, FUM, CAT, O2tpp, CYTBDpp, O2tex, SUCCtex, ASPO5, ASPO6, SUCCt2_3pp, EX_mal__L_e, EX_o2_e, MALtex, SUCDi, SUCMALtpp, MALt3pp
O2tpp, CPPPGO2, 0
ACACT2r, 3HAD80, 29, MACPD, ECOAH1, ECOAH2, ECOAH3, HACD1, HACD2, ACOATA, ACACT2r, ACACT3r, HACD3, ACACT1r, FADRx2, KAS15, FACOAE80, 3HAD80, 3HAD40, 3OAS60, 3OAR60, 3OAR80, 3OAS80, 3OAR40, 3HAD60, EAR40x, EAR60x, EAR80x, ACOAD3f, ACOAD2f, FA80ACPHi, ACOAD1fr
ACACT2r, 3HAD40, 29, MACPD, ECOAH1, ECOAH2, ECOAH3, HACD1, HACD2, ACOATA, ACACT2r, ACACT3r, HACD3, ACACT1r, FADRx2, KAS15, FACOAE80, 3HAD80, 3HAD40, 3OAS60, 3OAR60, 3OAR80, 3OAS80, 3OAR40, 3HAD60, EAR40x, EAR60x, EAR80x, ACOAD3f, ACOAD2f, FA80ACPHi, ACOAD1fr
ACACT2r, 3OAS60, 29, MACPD, ECOAH1, ECOAH2, ECOAH3, HACD1, HACD2, ACOATA, ACACT2r, ACACT3r, HACD3, ACACT1r, FADRx2, KAS15, FACOAE80, 3HAD80, 3HAD40, 3OAS60, 3OAR60, 3OAR80, 3OAS80, 3OAR40, 3HAD60, EAR40x, EAR60x, EAR80x, ACOAD3f, ACOAD2f, FA80ACPHi, ACOAD1fr
ACACT2r, 3OAR60, 29, MACPD, ECOAH1, ECOAH2, ECOAH3, HACD1, HACD2, ACOATA, ACACT2r, ACACT3r, HACD3, ACACT1r, FADRx2, KAS15, FACOAE80, 3HAD80, 3HAD40, 3OAS60, 3OAR60, 3OAR80, 3OAS80, 3OAR40, 3HAD60, EAR40x, EAR60x, EAR80x, ACOAD3f, ACOAD2f, FA80ACPHi, ACOAD1fr
ACACT2r, 3OAR80, 29, MACPD, ECOAH1, ECOAH2, ECOAH3, HACD1, HACD2, ACOATA, ACACT2r, ACACT3r, HACD3, ACACT1r, FADRx2, KAS15, FACOAE80, 3HAD80, 3HAD40, 3OAS60, 3OAR60, 3OAR80, 3OAS80, 3OAR40, 3HAD60, EAR40x, EAR60x, EAR80x, ACOAD3f, ACOAD2f, FA80ACPHi, ACOAD1fr
ACACT2r, 3OAS80, 29, MACPD, ECOAH1, ECOAH2, ECOAH3, HACD1, HACD2, ACOATA, ACACT2r, ACACT3r, HACD3, ACACT1r, FADRx2, KAS15, FACOAE80, 3HAD80, 3HAD40, 3OAS60, 3OAR60, 3OAR80, 3OAS80, 3OAR40, 3HAD60, EAR40x, EAR60x, EAR80x, ACOAD3f, ACOAD2f, FA80ACPHi, ACOAD1fr
ACACT2r, 3OAS100, 43, ECOAH4, PPA, MACPD, ECOAH1, ECOAH2, ECOAH3, HACD4, ADK1, HACD1, HACD2, ACOATA, H2Otex, ACACT2r, ACACT3r, ACACT4r, H2Otpp, EX_h2o_e, HACD3, ACACT1r, FADRx2, AACPS8, KAS15, FACOAE100, 3HAD80, 3HAD40, 3OAS60, 3OAR60, 3OAR80, EAR100x, 3OAS80, 3OAS100, 3OAR40, 3OAR100, 3HAD60, 3HAD100, EAR40x, EAR60x, EAR80x, ACOAD3f, ACOAD2f, ACOAD4f, FA100ACPHi, ACOAD1fr
ACACT2r, 3OAR40, 29, MACPD, ECOAH1, ECOAH2, ECOAH3, HACD1, HACD2, ACOATA, ACACT2r, ACACT3r, HACD3, ACACT1r, FADRx2, KAS15, FACOAE80, 3HAD80, 3HAD40, 3OAS60, 3OAR60, 3OAR80, 3OAS80, 3OAR40, 3HAD60, EAR40x, EAR60x, EAR80x, ACOAD3f, ACOAD2f, FA80ACPHi, ACOAD1fr
ACACT2r, 3OAR100, 43, ECOAH4, PPA, MACPD, ECOAH1, ECOAH2, ECOAH3, HACD4, ADK1, HACD1, HACD2, ACOATA, H2Otex, ACACT2r, ACACT3r, ACACT4r, H2Otpp, EX_h2o_e, HACD3, ACACT1r, FADRx2, AACPS8, KAS15, FACOAE100, 3HAD80, 3HAD40, 3OAS60, 3OAR60, 3OAR80, EAR100x, 3OAS80, 3OAS100, 3OAR40, 3OAR100, 3HAD60, 3HAD100, EAR40x, EAR60x, EAR80x, ACOAD3f, ACOAD2f, ACOAD4f, FA100ACPHi, ACOAD1fr
ACACT2r, 3HAD60, 29, MACPD, ECOAH1, ECOAH2, ECOAH3, HACD1, HACD2, ACOATA, ACACT2r, ACACT3r, HACD3, ACACT1r, FADRx2, KAS15, FACOAE80, 3HAD80, 3HAD40, 3OAS60, 3OAR60, 3OAR80, 3OAS80, 3OAR40, 3HAD60, EAR40x, EAR60x, EAR80x, ACOAD3f, ACOAD2f, FA80ACPHi, ACOAD1fr
ACACT2r, 3HAD100, 43, ECOAH4, PPA, MACPD, ECOAH1, ECOAH2, ECOAH3, HACD4, ADK1, HACD1, HACD2, ACOATA, H2Otex, ACACT2r, ACACT3r, ACACT4r, H2Otpp, EX_h2o_e, HACD3, ACACT1r, FADRx2, AACPS8, KAS15, FACOAE100, 3HAD80, 3HAD40, 3OAS60, 3OAR60, 3OAR80, EAR100x, 3OAS80, 3OAS100, 3OAR40, 3OAR100, 3HAD60, 3HAD100, EAR40x, EAR60x, EAR80x, ACOAD3f, ACOAD2f, ACOAD4f, FA100ACPHi, ACOAD1fr
ACACT3r, 3HAD80, 29, MACPD, ECOAH1, ECOAH2, ECOAH3, HACD1, HACD2, ACOATA, ACACT2r, ACACT3r, HACD3, ACACT1r, FADRx2, KAS15, FACOAE80, 3HAD80, 3HAD40, 3OAS60, 3OAR60, 3OAR80, 3OAS80, 3OAR40, 3HAD60, EAR40x, EAR60x, EAR80x, ACOAD3f, ACOAD2f, FA80ACPHi, ACOAD1fr
ACACT3r, 3HAD40, 29, MACPD, ECOAH1, ECOAH2, ECOAH3, HACD1, HACD2, ACOATA, ACACT2r, ACACT3r, HACD3, ACACT1r, FADRx2, KAS15, FACOAE80, 3HAD80, 3HAD40, 3OAS60, 3OAR60, 3OAR80, 3OAS80, 3OAR40, 3HAD60, EAR40x, EAR60x, EAR80x, ACOAD3f, ACOAD2f, FA80ACPHi, ACOAD1fr
ACACT3r, 3OAS60, 29, MACPD, ECOAH1, ECOAH2, ECOAH3, HACD1, HACD2, ACOATA, ACACT2r, ACACT3r, HACD3, ACACT1r, FADRx2, KAS15, FACOAE80, 3HAD80, 3HAD40, 3OAS60, 3OAR60, 3OAR80, 3OAS80, 3OAR40, 3HAD60, EAR40x, EAR60x, EAR80x, ACOAD3f, ACOAD2f, FA80ACPHi, ACOAD1fr
ACACT3r, 3OAR60, 29, MACPD, ECOAH1, ECOAH2, ECOAH3, HACD1, HACD2, ACOATA, ACACT2r, ACACT3r, HACD3, ACACT1r, FADRx2, KAS15, FACOAE80, 3HAD80, 3HAD40, 3OAS60, 3OAR60, 3OAR80, 3OAS80, 3OAR40, 3HAD60, EAR40x, EAR60x, EAR80x, ACOAD3f, ACOAD2f, FA80ACPHi, ACOAD1fr
ACACT3r, 3OAR80, 29, MACPD, ECOAH1, ECOAH2, ECOAH3, HACD1, HACD2, ACOATA, ACACT2r, ACACT3r, HACD3, ACACT1r, FADRx2, KAS15, FACOAE80, 3HAD80, 3HAD40, 3OAS60, 3OAR60, 3OAR80, 3OAS80, 3OAR40, 3HAD60, EAR40x, EAR60x, EAR80x, ACOAD3f, ACOAD2f, FA80ACPHi, ACOAD1fr
ACACT3r, 3OAS80, 29, MACPD, ECOAH1, ECOAH2, ECOAH3, HACD1, HACD2, ACOATA, ACACT2r, ACACT3r, HACD3, ACACT1r, FADRx2, KAS15, FACOAE80, 3HAD80, 3HAD40, 3OAS60, 3OAR60, 3OAR80, 3OAS80, 3OAR40, 3HAD60, EAR40x, EAR60x, EAR80x, ACOAD3f, ACOAD2f, FA80ACPHi, ACOAD1fr
ACACT3r, 3OAS100, 39, ECOAH4, MACPD, ECOAH1, ECOAH2, ECOAH3, HACD4, HACD1, HACD2, NADTRHD, ACOATA, ACACT2r, ACACT3r, ACACT4r, HACD3, ACACT1r, FADRx2, KAS15, FACOAE100, 3HAD80, EAR80y, 3HAD40, 3OAS60, 3OAR60, 3OAR80, EAR100x, 3OAS80, 3OAS100, 3OAR40, 3OAR100, 3HAD60, 3HAD100, EAR40x, EAR60x, EAR80x, ACOAD3f, ACOAD2f, ACOAD4f, FA100ACPHi, ACOAD1fr
ACACT3r, 3OAR40, 29, MACPD, ECOAH1, ECOAH2, ECOAH3, HACD1, HACD2, ACOATA, ACACT2r, ACACT3r, HACD3, ACACT1r, FADRx2, KAS15, FACOAE80, 3HAD80, 3HAD40, 3OAS60, 3OAR60, 3OAR80, 3OAS80, 3OAR40, 3HAD60, EAR40x, EAR60x, EAR80x, ACOAD3f, ACOAD2f, FA80ACPHi, ACOAD1fr
ACACT3r, 3OAR100, 40, ECOAH4, MACPD, ECOAH1, ECOAH2, ECOAH3, HACD4, HACD1, HACD2, NADTRHD, ACOATA, ACACT2r, ACACT3r, ACACT4r, HACD3, ACACT1r, FADRx2, KAS15, FACOAE100, 3HAD80, EAR80y, 3HAD40, 3OAS60, 3OAR60, 3OAR80, EAR100x, 3OAS80, 3OAS100, 3OAR40, 3OAR100, 3HAD60, 3HAD100, EAR40x, EAR60x, EAR80x, ACOAD3f, ACOAD2f, ACOAD4f, FA100ACPHi, ACOAD1fr, ACOAD1f
ACACT3r, 3HAD60, 29, MACPD, ECOAH1, ECOAH2, ECOAH3, HACD1, HACD2, ACOATA, ACACT2r, ACACT3r, HACD3, ACACT1r, FADRx2, KAS15, FACOAE80, 3HAD80, 3HAD40, 3OAS60, 3OAR60, 3OAR80, 3OAS80, 3OAR40, 3HAD60, EAR40x, EAR60x, EAR80x, ACOAD3f, ACOAD2f, FA80ACPHi, ACOAD1fr
ACACT3r, 3HAD100, 39, ECOAH4, MACPD, ECOAH1, ECOAH2, ECOAH3, HACD4, HACD1, HACD2, NADTRHD, ACOATA, ACACT2r, ACACT3r, ACACT4r, HACD3, ACACT1r, FADRx2, KAS15, FACOAE100, 3HAD80, EAR80y, 3HAD40, 3OAS60, 3OAR60, 3OAR80, EAR100x, 3OAS80, 3OAS100, 3OAR40, 3OAR100, 3HAD60, 3HAD100, EAR40x, EAR60x, EAR80x, ACOAD3f, ACOAD2f, ACOAD4f, FA100ACPHi, ACOAD1fr
ACACT4r, 3OAS100, 15, ECOAH4, MACPD, HACD4, ACOATA, ACACT4r, FADRx2, AACPS8, AACPS9, FACOAE100, FACOAE80, EAR100x, 3OAS100, 3OAR100, 3HAD100, ACOAD4f
ACACT4r, 3OAR100, 15, ECOAH4, MACPD, HACD4, ACOATA, ACACT4r, FADRx2, AACPS8, AACPS9, FACOAE100, FACOAE80, EAR100x, 3OAS100, 3OAR100, 3HAD100, ACOAD4f
ACACT4r, 3HAD100, 15, ECOAH4, MACPD, HACD4, ACOATA, ACACT4r, FADRx2, AACPS8, AACPS9, FACOAE100, FACOAE80, EAR100x, 3OAS100, 3OAR100, 3HAD100, ACOAD4f
Kt2pp, Kabcpp, 167, APRAUR, DB4PS, ACP1_FMN, RBFSb, EX_pi_e, EX_h_e, EX_ade_e, EX_ala__L_e, EX_arg__L_e, EX_cytd_e, IMPC, GLUTRS, URIK1, CYTDK1, PPA, ALATA_L, A5PISO, EX_met__L_e, EX_val__L_e, FMNAT, CYSDS, PMDPHT, RBFSa, EX_ile__L_e, EX_leu__L_e, EX_pro__L_e, EX_tyr__L_e, AIRC3, ADSL2r, FTHFD, EX_lys__L_e, GLUTRR, G1SAT, KDOCT2, PGAMT, UAGDP, GHMT2r, ACCOAC, GLYCL, GTPCII2, HACD7, AACPS4, GK1, KDOPS, KDOPP, AMPN, GSNK, UMPK, EX_gthrd_e, ADSS, ASNN, MCOATA, HSST, U23GAAT, AKGDH, UHGADA, UAGAAT, SERAT, AIRC2, NTPP6, DHPPDA2, CYTD, G1PACT, GART, GF6PTA, GLUCYS, GLUPRT, PPBNGS, PRAGSr, PRFGS, CYSTL, SHSL1, Htex, H2Otex, ACACT7r, Kt2pp, THRabcpp, VALabcpp, ARGabcpp, ASNt2rpp, HIStex, ILEtex, Ktex, EX_fad_e, ATPS4rpp, ADEt2rpp, ALAabcpp, CYTDt2pp_copy1, PHEtex, PItex, METS, PRASCSi, SO4tex, THRtex, METtex, CYTDtex, MTHFR2, LEUtex, LYStex, TYRtex, VALtex, FACOAE140, ILEabcpp, Kabcpp, LEUabcpp, METabcpp, PIuabcpp, PROabcpp, ADEtex, ALAtex, ARGtex, H2Otpp, HISabcpp, LYSabcpp, EX_h2o_e, GLUDy, GLYC3Pabcpp, EX_asn__L_e, EX_so4_e, EX_phe__L_e, EX_thr__L_e, EX_his__L_e, EX_k_e, SUCOAS, EX_gsn_e, ADSL1r, AICART, PROtex, RPI, ASNtex, EX_acser_e, EX_hom__L_e, GTHS, EX_g3pe_e, G3PEtex, HOMt2pp, HOMtex, ACSERtpp, ACSERtex, PRAIS, ECOAH7, FACOAE161, GTHRDabcpp, PA160abcpp, GSNtex, SO4t2pp, LPLIPAL1E160pp, PLIPA2E160pp, G3PAT160, AGPAT160, EAR160y, 3OAR160, 3OAS160, PLIPA2A160pp, EAR140y, 3HAD140, 3HAD160, GTHRDtex, FA140ACPHi, LPLIPAL1A160pp, CTECOAI7, TYRtipp, PHEtipp, GSNt3pp, FADt, FADtex, BIOMASS_Ec_iML1515_core_75p37M
O2tex, SUCCtex, 16, EX_succ_e, FUM, CAT, O2tpp, CYTBDpp, O2tex, SUCCtex, ASPO5, ASPO6, SUCCt2_3pp, EX_mal__L_e, EX_o2_e, MALtex, SUCDi, SUCMALtpp, MALt3pp
O2tex, CPPPGO2, 0
FACOAE160, 3OAR160, 15, MACPD, HACD7, AACPS1, AACPS3, ACOATA, ACACT7r, FACOAE160, FACOAE140, FADRx2, ECOAH7, 3OAR160, 3OAS160, EAR160x, 3HAD160, ACOAD7f
FACOAE160, 3OAS160, 15, MACPD, HACD7, AACPS1, AACPS3, ACOATA, ACACT7r, FACOAE160, FACOAE140, FADRx2, ECOAH7, 3OAR160, 3OAS160, EAR160x, 3HAD160, ACOAD7f
FACOAE160, 3HAD160, 15, MACPD, HACD7, AACPS1, AACPS3, ACOATA, ACACT7r, FACOAE160, FACOAE140, FADRx2, ECOAH7, 3OAR160, 3OAS160, EAR160x, 3HAD160, ACOAD7f
GLUDy, GLUSy, 3, GLUN, GLUDy, GLUSy
HACD3, 3HAD80, 29, MACPD, ECOAH1, ECOAH2, ECOAH3, HACD1, HACD2, ACOATA, ACACT2r, ACACT3r, HACD3, ACACT1r, FADRx2, KAS15, FACOAE80, 3HAD80, 3HAD40, 3OAS60, 3OAR60, 3OAR80, 3OAS80, 3OAR40, 3HAD60, EAR40x, EAR60x, EAR80x, ACOAD3f, ACOAD2f, FA80ACPHi, ACOAD1fr
HACD3, 3HAD40, 29, MACPD, ECOAH1, ECOAH2, ECOAH3, HACD1, HACD2, ACOATA, ACACT2r, ACACT3r, HACD3, ACACT1r, FADRx2, KAS15, FACOAE80, 3HAD80, 3HAD40, 3OAS60, 3OAR60, 3OAR80, 3OAS80, 3OAR40, 3HAD60, EAR40x, EAR60x, EAR80x, ACOAD3f, ACOAD2f, FA80ACPHi, ACOAD1fr
HACD3, 3OAS60, 29, MACPD, ECOAH1, ECOAH2, ECOAH3, HACD1, HACD2, ACOATA, ACACT2r, ACACT3r, HACD3, ACACT1r, FADRx2, KAS15, FACOAE80, 3HAD80, 3HAD40, 3OAS60, 3OAR60, 3OAR80, 3OAS80, 3OAR40, 3HAD60, EAR40x, EAR60x, EAR80x, ACOAD3f, ACOAD2f, FA80ACPHi, ACOAD1fr
HACD3, 3OAR60, 29, MACPD, ECOAH1, ECOAH2, ECOAH3, HACD1, HACD2, ACOATA, ACACT2r, ACACT3r, HACD3, ACACT1r, FADRx2, KAS15, FACOAE80, 3HAD80, 3HAD40, 3OAS60, 3OAR60, 3OAR80, 3OAS80, 3OAR40, 3HAD60, EAR40x, EAR60x, EAR80x, ACOAD3f, ACOAD2f, FA80ACPHi, ACOAD1fr
HACD3, 3OAR80, 29, MACPD, ECOAH1, ECOAH2, ECOAH3, HACD1, HACD2, ACOATA, ACACT2r, ACACT3r, HACD3, ACACT1r, FADRx2, KAS15, FACOAE80, 3HAD80, 3HAD40, 3OAS60, 3OAR60, 3OAR80, 3OAS80, 3OAR40, 3HAD60, EAR40x, EAR60x, EAR80x, ACOAD3f, ACOAD2f, FA80ACPHi, ACOAD1fr
HACD3, 3OAS80, 29, MACPD, ECOAH1, ECOAH2, ECOAH3, HACD1, HACD2, ACOATA, ACACT2r, ACACT3r, HACD3, ACACT1r, FADRx2, KAS15, FACOAE80, 3HAD80, 3HAD40, 3OAS60, 3OAR60, 3OAR80, 3OAS80, 3OAR40, 3HAD60, EAR40x, EAR60x, EAR80x, ACOAD3f, ACOAD2f, FA80ACPHi, ACOAD1fr
HACD3, 3OAS100, 39, ECOAH4, MACPD, ECOAH1, ECOAH2, ECOAH3, HACD4, HACD1, HACD2, NADTRHD, ACOATA, ACACT2r, ACACT3r, ACACT4r, HACD3, ACACT1r, FADRx2, KAS15, FACOAE100, 3HAD80, EAR80y, 3HAD40, 3OAS60, 3OAR60, 3OAR80, EAR100x, 3OAS80, 3OAS100, 3OAR40, 3OAR100, 3HAD60, 3HAD100, EAR40x, EAR60x, EAR80x, ACOAD3f, ACOAD2f, ACOAD4f, FA100ACPHi, ACOAD1fr
HACD3, 3OAR40, 29, MACPD, ECOAH1, ECOAH2, ECOAH3, HACD1, HACD2, ACOATA, ACACT2r, ACACT3r, HACD3, ACACT1r, FADRx2, KAS15, FACOAE80, 3HAD80, 3HAD40, 3OAS60, 3OAR60, 3OAR80, 3OAS80, 3OAR40, 3HAD60, EAR40x, EAR60x, EAR80x, ACOAD3f, ACOAD2f, FA80ACPHi, ACOAD1fr
HACD3, 3OAR100, 40, ECOAH4, MACPD, ECOAH1, ECOAH2, ECOAH3, HACD4, HACD1, HACD2, NADTRHD, ACOATA, ACACT2r, ACACT3r, ACACT4r, HACD3, ACACT1r, FADRx2, KAS15, FACOAE100, 3HAD80, EAR80y, 3HAD40, 3OAS60, 3OAR60, 3OAR80, EAR100x, 3OAS80, 3OAS100, 3OAR40, 3OAR100, 3HAD60, 3HAD100, EAR40x, EAR60x, EAR80x, ACOAD3f, ACOAD2f, ACOAD4f, FA100ACPHi, ACOAD1fr, ACOAD1f
HACD3, 3HAD60, 29, MACPD, ECOAH1, ECOAH2, ECOAH3, HACD1, HACD2, ACOATA, ACACT2r, ACACT3r, HACD3, ACACT1r, FADRx2, KAS15, FACOAE80, 3HAD80, 3HAD40, 3OAS60, 3OAR60, 3OAR80, 3OAS80, 3OAR40, 3HAD60, EAR40x, EAR60x, EAR80x, ACOAD3f, ACOAD2f, FA80ACPHi, ACOAD1fr
HACD3, 3HAD100, 39, ECOAH4, MACPD, ECOAH1, ECOAH2, ECOAH3, HACD4, HACD1, HACD2, NADTRHD, ACOATA, ACACT2r, ACACT3r, ACACT4r, HACD3, ACACT1r, FADRx2, KAS15, FACOAE100, 3HAD80, EAR80y, 3HAD40, 3OAS60, 3OAR60, 3OAR80, EAR100x, 3OAS80, 3OAS100, 3OAR40, 3OAR100, 3HAD60, 3HAD100, EAR40x, EAR60x, EAR80x, ACOAD3f, ACOAD2f, ACOAD4f, FA100ACPHi, ACOAD1fr
DUTPDP, DURIK1, 31, DB4PS, ALDD2y, EX_val__L_e, DURIPP, RBFSa, EX_leu__L_e, UMPK, DURIK1, UPPRT, EX_gthrd_e, NTPP3, DCYTD, DCTPD, GLUCYS, PPM2, H2Otex, VALabcpp, DRPA, LEUtex, VALtex, LEUabcpp, H2Otpp, EX_h2o_e, NTD3, DUTPDP, GTHS, GTHRDabcpp, GTHRDtex, RNTR4c2, FLDR2, BIOMASS_Ec_iML1515_core_75p37M
ACACT1r, 3HAD80, 29, MACPD, ECOAH1, ECOAH2, ECOAH3, HACD1, HACD2, ACOATA, ACACT2r, ACACT3r, HACD3, ACACT1r, FADRx2, KAS15, FACOAE80, 3HAD80, 3HAD40, 3OAS60, 3OAR60, 3OAR80, 3OAS80, 3OAR40, 3HAD60, EAR40x, EAR60x, EAR80x, ACOAD3f, ACOAD2f, FA80ACPHi, ACOAD1fr
ACACT1r, 3HAD40, 29, MACPD, ECOAH1, ECOAH2, ECOAH3, HACD1, HACD2, ACOATA, ACACT2r, ACACT3r, HACD3, ACACT1r, FADRx2, KAS15, FACOAE80, 3HAD80, 3HAD40, 3OAS60, 3OAR60, 3OAR80, 3OAS80, 3OAR40, 3HAD60, EAR40x, EAR60x, EAR80x, ACOAD3f, ACOAD2f, FA80ACPHi, ACOAD1fr
ACACT1r, 3OAS60, 29, MACPD, ECOAH1, ECOAH2, ECOAH3, HACD1, HACD2, ACOATA, ACACT2r, ACACT3r, HACD3, ACACT1r, FADRx2, KAS15, FACOAE80, 3HAD80, 3HAD40, 3OAS60, 3OAR60, 3OAR80, 3OAS80, 3OAR40, 3HAD60, EAR40x, EAR60x, EAR80x, ACOAD3f, ACOAD2f, FA80ACPHi, ACOAD1fr
ACACT1r, 3OAR60, 29, MACPD, ECOAH1, ECOAH2, ECOAH3, HACD1, HACD2, ACOATA, ACACT2r, ACACT3r, HACD3, ACACT1r, FADRx2, KAS15, FACOAE80, 3HAD80, 3HAD40, 3OAS60, 3OAR60, 3OAR80, 3OAS80, 3OAR40, 3HAD60, EAR40x, EAR60x, EAR80x, ACOAD3f, ACOAD2f, FA80ACPHi, ACOAD1fr
ACACT1r, 3OAR80, 29, MACPD, ECOAH1, ECOAH2, ECOAH3, HACD1, HACD2, ACOATA, ACACT2r, ACACT3r, HACD3, ACACT1r, FADRx2, KAS15, FACOAE80, 3HAD80, 3HAD40, 3OAS60, 3OAR60, 3OAR80, 3OAS80, 3OAR40, 3HAD60, EAR40x, EAR60x, EAR80x, ACOAD3f, ACOAD2f, FA80ACPHi, ACOAD1fr
ACACT1r, 3OAS80, 29, MACPD, ECOAH1, ECOAH2, ECOAH3, HACD1, HACD2, ACOATA, ACACT2r, ACACT3r, HACD3, ACACT1r, FADRx2, KAS15, FACOAE80, 3HAD80, 3HAD40, 3OAS60, 3OAR60, 3OAR80, 3OAS80, 3OAR40, 3HAD60, EAR40x, EAR60x, EAR80x, ACOAD3f, ACOAD2f, FA80ACPHi, ACOAD1fr
ACACT1r, 3OAS100, 43, ECOAH4, PPA, MACPD, ECOAH1, ECOAH2, ECOAH3, HACD4, ADK1, HACD1, HACD2, ACOATA, H2Otex, ACACT2r, ACACT3r, ACACT4r, H2Otpp, EX_h2o_e, HACD3, ACACT1r, FADRx2, AACPS8, KAS15, FACOAE100, 3HAD80, 3HAD40, 3OAS60, 3OAR60, 3OAR80, EAR100x, 3OAS80, 3OAS100, 3OAR40, 3OAR100, 3HAD60, 3HAD100, EAR40x, EAR60x, EAR80x, ACOAD3f, ACOAD2f, ACOAD4f, FA100ACPHi, ACOAD1fr
ACACT1r, 3OAR40, 29, MACPD, ECOAH1, ECOAH2, ECOAH3, HACD1, HACD2, ACOATA, ACACT2r, ACACT3r, HACD3, ACACT1r, FADRx2, KAS15, FACOAE80, 3HAD80, 3HAD40, 3OAS60, 3OAR60, 3OAR80, 3OAS80, 3OAR40, 3HAD60, EAR40x, EAR60x, EAR80x, ACOAD3f, ACOAD2f, FA80ACPHi, ACOAD1fr
ACACT1r, 3OAR100, 43, ECOAH4, PPA, MACPD, ECOAH1, ECOAH2, ECOAH3, HACD4, ADK1, HACD1, HACD2, ACOATA, H2Otex, ACACT2r, ACACT3r, ACACT4r, H2Otpp, EX_h2o_e, HACD3, ACACT1r, FADRx2, AACPS8, KAS15, FACOAE100, 3HAD80, 3HAD40, 3OAS60, 3OAR60, 3OAR80, EAR100x, 3OAS80, 3OAS100, 3OAR40, 3OAR100, 3HAD60, 3HAD100, EAR40x, EAR60x, EAR80x, ACOAD3f, ACOAD2f, ACOAD4f, FA100ACPHi, ACOAD1fr
ACACT1r, 3HAD60, 29, MACPD, ECOAH1, ECOAH2, ECOAH3, HACD1, HACD2, ACOATA, ACACT2r, ACACT3r, HACD3, ACACT1r, FADRx2, KAS15, FACOAE80, 3HAD80, 3HAD40, 3OAS60, 3OAR60, 3OAR80, 3OAS80, 3OAR40, 3HAD60, EAR40x, EAR60x, EAR80x, ACOAD3f, ACOAD2f, FA80ACPHi, ACOAD1fr
ACACT1r, 3HAD100, 43, ECOAH4, PPA, MACPD, ECOAH1, ECOAH2, ECOAH3, HACD4, ADK1, HACD1, HACD2, ACOATA, H2Otex, ACACT2r, ACACT3r, ACACT4r, H2Otpp, EX_h2o_e, HACD3, ACACT1r, FADRx2, AACPS8, KAS15, FACOAE100, 3HAD80, 3HAD40, 3OAS60, 3OAR60, 3OAR80, EAR100x, 3OAS80, 3OAS100, 3OAR40, 3OAR100, 3HAD60, 3HAD100, EAR40x, EAR60x, EAR80x, ACOAD3f, ACOAD2f, ACOAD4f, FA100ACPHi, ACOAD1fr
RPI, TALA, 35, CS, ICDHyr, ASPTA, PYK, ENO, PGI, EDA, PGL, RPE, TALA, TKT1, EDD, ABTA, ASPT, GLXCL, NADTRHD, HPYRRy, MALS, AKGDH, GLYCK2, GND, ME2, G6PDH2r, GLUDC, SSALy, TKT2, NADPHQR2, GLUDy, PDH, SUCOAS, RPI, HPYRI, SUCDi, ACONTb, ACONTa
RPI, EDTXS1, 170, EX_pi_e, EX_h_e, EX_ade_e, ECOAH4, GLUTRS, ACALD, ACS, PPA, FBP, A5PISO, ECOAH6, FBA, PGK, RPE, TALA, TKT1, G6PDA, ALDD2y, FMNAT, POX, MOAT, USHD, LPADSS, TDSK, FUM, GLUTRR, EX_fmn_e, G1SAT, KDOCT2, PGAMT, UAGDP, UAGCVT, MACPD, HACD5, SERD_L, HACD6, ECOAH1, ECOAH2, ECOAH3, SADT2, EDTXS1, EDTXS2, HACD4, UDCPDP, HACD1, HACD2, UAPGR, FADRx, NDPK2, KDOPS, KDOPP, TRDR, AMPN, PAPPT3, UAGPT3, EX_h2s_e, G3PD2, U23GAAT, AKGDH, UGMDDS, UHGADA, UAGAAT, BPNT, PAPSR, SULR, PSERT, GAPD, ME2, ACOATA, NTPP4, NTPP8, G1PACT, PPBNGS, MOAT2, ADSK, Htex, H2Otex, O2tpp, THD2pp, PSP_L, ACACT2r, ACACT3r, ACACT4r, AHGDx, EX_hxa_e, TKT2, HXAtex, EX_fad_e, CYTBDpp, ATPS4rpp, ADEt2rpp, O2tex, ECOAH5, PItex, SO4tex, ACACT5r, ACACT6r, LIPAabcpp, 3PEPTabcpp, FACOAE140, FACOAL60t2pp, ADEtex, FACOAL120t2pp, EX_enlipa_e, EX_h2o_e, DAAD, HACD3, H2Stex, EX_so4_e, H2St1pp, ALAALAr, ACACT1r, AGM3PApp, SUCOAS, PGCD, TPI, RPI, EX_o2_e, EX_anhgm_e, EX_g3pe_e, ANHGMtex, G3PEtex, ALAALAtex, CDAPPA161, FACOAE60, ALAALAabcpp, HEXt2rpp, MPTG, MCTP1Bpp, EX_alaala_e, FACOAE120, SO4t2pp, AGPAT120, PSSA161, PSD161, SUCDi, MLTGY3pp, 3OAS140, 3OAR140, PE161abcpp, PETNT161pp, DAGK161, MLDCP3App, PE120abcpp, DASYN120, MLDEP1pp, 12DGR161tipp, PSSA120, PSD120, PLIPA2E120pp, LPLIPAL1E120pp, G3PAT120, NADHPO, ACOAD5f, ACOAD3f, ACOAD2f, ACOAD4f, ACOAD6f, FA120ACPHi, FA140ACPHi, UM3PL, ENLIPAabctex, SHGO, PYK3, ACOAD1fr, FMNtex, PItpp, FADt, FADtex, FMNt
RPI, EDTXS2, 170, EX_pi_e, EX_h_e, EX_ade_e, ECOAH4, GLUTRS, ACALD, ACS, PPA, FBP, A5PISO, ECOAH6, FBA, PGK, RPE, TALA, TKT1, G6PDA, ALDD2y, FMNAT, POX, MOAT, USHD, LPADSS, TDSK, FUM, GLUTRR, EX_fmn_e, G1SAT, KDOCT2, PGAMT, UAGDP, UAGCVT, MACPD, HACD5, SERD_L, HACD6, ECOAH1, ECOAH2, ECOAH3, SADT2, EDTXS1, EDTXS2, HACD4, UDCPDP, HACD1, HACD2, UAPGR, FADRx, NDPK2, KDOPS, KDOPP, TRDR, AMPN, PAPPT3, UAGPT3, EX_h2s_e, G3PD2, U23GAAT, AKGDH, UGMDDS, UHGADA, UAGAAT, BPNT, PAPSR, SULR, PSERT, GAPD, ME2, ACOATA, NTPP4, NTPP8, G1PACT, PPBNGS, MOAT2, ADSK, Htex, H2Otex, O2tpp, THD2pp, PSP_L, ACACT2r, ACACT3r, ACACT4r, AHGDx, EX_hxa_e, TKT2, HXAtex, EX_fad_e, CYTBDpp, ATPS4rpp, ADEt2rpp, O2tex, ECOAH5, PItex, SO4tex, ACACT5r, ACACT6r, LIPAabcpp, 3PEPTabcpp, FACOAE140, FACOAL60t2pp, ADEtex, FACOAL120t2pp, EX_enlipa_e, EX_h2o_e, DAAD, HACD3, H2Stex, EX_so4_e, H2St1pp, ALAALAr, ACACT1r, AGM3PApp, SUCOAS, PGCD, TPI, RPI, EX_o2_e, EX_anhgm_e, EX_g3pe_e, ANHGMtex, G3PEtex, ALAALAtex, CDAPPA161, FACOAE60, ALAALAabcpp, HEXt2rpp, MPTG, MCTP1Bpp, EX_alaala_e, FACOAE120, SO4t2pp, AGPAT120, PSSA161, PSD161, SUCDi, MLTGY3pp, 3OAS140, 3OAR140, PE161abcpp, PETNT161pp, DAGK161, MLDCP3App, PE120abcpp, DASYN120, MLDEP1pp, 12DGR161tipp, PSSA120, PSD120, PLIPA2E120pp, LPLIPAL1E120pp, G3PAT120, NADHPO, ACOAD5f, ACOAD3f, ACOAD2f, ACOAD4f, ACOAD6f, FA120ACPHi, FA140ACPHi, UM3PL, ENLIPAabctex, SHGO, PYK3, ACOAD1fr, FMNtex, PItpp, FADt, FADtex, FMNt
RPI, LIPAabcpp, 222, PFK_3, EX_pi_e, EX_h_e, EX_ade_e, ECOAH4, ACALD, PPA, FBP, A5PISO, ECOAH6, ENO, FBA, MGSA, PPS, PGI, PGK, EDA, PGL, RPE, TALA, TKT1, G6PDA, ALCD2x, CDPPH, G1PP, MOAT, USHD, LPADSS, TDSK, EX_glc__D_e, EDD, KDOCT2, UAGCVT, UAG2E, MACPD, HACD5, HACD6, ECOAH1, ECOAH2, ECOAH3, TRE6PH, URIC, GLXCL, EDTXS1, EDTXS2, HACD4, ADK1, CAT, ACMAMUT, ACGAMT, AADDGT, GMHEPK, TRE6PS, UDCPDP, HACD1, HACD2, G1PTT, TDPGDH, TDPDRE, TDPDRR, ALLTN, UAPGR, GMHEPPA, S7PI, FADRx, KDOPS, KDOPP, PGMT, PAPPT3, UAGPT3, AGMHE, GMHEPAT, ADD, AGDC, TDPADGAT, G3PD2, U23GAAT, UGLYCH, UGMDDS, UHGADA, UAGAAT, ACM6PH, PSERT, GAPD, GND, ACOATA, MOAT2, G6PDH2r, TDPAGTA, UACMAMO, FBA3, Htex, O2tpp, PSP_L, ACACT2r, ACACT3r, ACACT4r, EX_hxa_e, TKT2, HXAtex, ADEt2rpp, O2tex, ECOAH5, GLCtex_copy1, PItex, ACGAMK, TRSARr, ACACT5r, ACACT6r, GLCTR1, LIPAabcpp, EX_eca4colipa_e, GLYOX3, ECAP1pp, UDCPDPpp, ECAP2pp, ECA4OALpp, GLCTR3, HEPT4, 3PEPTabcpp, AGMt2pp, FACOAE140, FACOAL60t2pp, PIuabcpp, ADEtex, FACOAL120t2pp, ECAtpp, EX_enlipa_e, H2Otpp, GLCt2pp, GNK, GLUDy, ETOHtex, XAND, HACD3, NTP5, ANHMK, PDH, EX_etoh_e, ACACT1r, AGM3PApp, PGCD, PGM, RPI, FADRx2, EX_o2_e, EX_anhgm_e, EX_g3pe_e, ANHGMtex, HEPT1, HEPT2, HXAND, G3PEtex, MOAT3C, RHAT1, GLCabcpp, GALT1, GLCTR2, HEPK1, HEPT3, HEPK2, LDH_D, CDAPPA161, FACOAE60, ALAALAabcpp, HEXt2rpp, PA120abcpp, PA181abcpp, PAPA161pp, ECAP3pp, GLYCK, UDCPPtppi, AGMH, MPTG, MCTP1Bpp, FACOAE120, AGPAT120, PSSA161, PSD161, COLIPAabcpp, PLIPA2A161pp, CDAPPA181, LPLIPAL1E161pp, MLTGY3pp, 3OAS140, 3OAR140, PE161abcpp, PAPA181pp, PETNT161pp, PSSA181, MLDCP3App, PA161abcpp, PLIPA2A120pp, MLDEP1pp, PE181abcpp, PSD181, LPLIPAL1A120pp, G3PAT120, ACOAD5f, ACOAD3f, ACOAD2f, ACOAD4f, ACOAD6f, FA120ACPHi, FA140ACPHi, UM3PL, 5DGLCNt2rpp, 5DGLCNtex, EX_5dglcn_e, PLIPA2E161pp, LPLIPAL1A161pp, ETOHtrpp, ENLIPAabctex, ECA4COLIPAabctex, GNP, ALLTAMH2, UGCIAMH, ACOAD1fr, 5DGLCNR, 5DKGR, PYK6, PETNT181pp
RPI, ENLIPAabctex, 222, PFK_3, EX_pi_e, EX_h_e, EX_ade_e, ECOAH4, ACALD, PPA, FBP, A5PISO, ECOAH6, ENO, FBA, MGSA, PPS, PGI, PGK, EDA, PGL, RPE, TALA, TKT1, G6PDA, ALCD2x, CDPPH, G1PP, MOAT, USHD, LPADSS, TDSK, EX_glc__D_e, EDD, KDOCT2, UAGCVT, UAG2E, MACPD, HACD5, HACD6, ECOAH1, ECOAH2, ECOAH3, TRE6PH, URIC, GLXCL, EDTXS1, EDTXS2, HACD4, ADK1, CAT, ACMAMUT, ACGAMT, AADDGT, GMHEPK, TRE6PS, UDCPDP, HACD1, HACD2, G1PTT, TDPGDH, TDPDRE, TDPDRR, ALLTN, UAPGR, GMHEPPA, S7PI, FADRx, KDOPS, KDOPP, PGMT, PAPPT3, UAGPT3, AGMHE, GMHEPAT, ADD, AGDC, TDPADGAT, G3PD2, U23GAAT, UGLYCH, UGMDDS, UHGADA, UAGAAT, ACM6PH, PSERT, GAPD, GND, ACOATA, MOAT2, G6PDH2r, TDPAGTA, UACMAMO, FBA3, Htex, O2tpp, PSP_L, ACACT2r, ACACT3r, ACACT4r, EX_hxa_e, TKT2, HXAtex, ADEt2rpp, O2tex, ECOAH5, GLCtex_copy1, PItex, ACGAMK, TRSARr, ACACT5r, ACACT6r, GLCTR1, LIPAabcpp, EX_eca4colipa_e, GLYOX3, ECAP1pp, UDCPDPpp, ECAP2pp, ECA4OALpp, GLCTR3, HEPT4, 3PEPTabcpp, AGMt2pp, FACOAE140, FACOAL60t2pp, PIuabcpp, ADEtex, FACOAL120t2pp, ECAtpp, EX_enlipa_e, H2Otpp, GLCt2pp, GNK, GLUDy, ETOHtex, XAND, HACD3, NTP5, ANHMK, PDH, EX_etoh_e, ACACT1r, AGM3PApp, PGCD, PGM, RPI, FADRx2, EX_o2_e, EX_anhgm_e, EX_g3pe_e, ANHGMtex, HEPT1, HEPT2, HXAND, G3PEtex, MOAT3C, RHAT1, GLCabcpp, GALT1, GLCTR2, HEPK1, HEPT3, HEPK2, LDH_D, CDAPPA161, FACOAE60, ALAALAabcpp, HEXt2rpp, PA120abcpp, PA181abcpp, PAPA161pp, ECAP3pp, GLYCK, UDCPPtppi, AGMH, MPTG, MCTP1Bpp, FACOAE120, AGPAT120, PSSA161, PSD161, COLIPAabcpp, PLIPA2A161pp, CDAPPA181, LPLIPAL1E161pp, MLTGY3pp, 3OAS140, 3OAR140, PE161abcpp, PAPA181pp, PETNT161pp, PSSA181, MLDCP3App, PA161abcpp, PLIPA2A120pp, MLDEP1pp, PE181abcpp, PSD181, LPLIPAL1A120pp, G3PAT120, ACOAD5f, ACOAD3f, ACOAD2f, ACOAD4f, ACOAD6f, FA120ACPHi, FA140ACPHi, UM3PL, 5DGLCNt2rpp, 5DGLCNtex, EX_5dglcn_e, PLIPA2E161pp, LPLIPAL1A161pp, ETOHtrpp, ENLIPAabctex, ECA4COLIPAabctex, GNP, ALLTAMH2, UGCIAMH, ACOAD1fr, 5DGLCNR, 5DKGR, PYK6, PETNT181pp
AACPS7, 3OAR120, 15, MACPD, HACD5, ACOATA, ECOAH5, ACACT5r, FADRx2, AACPS7, AACPS8, FACOAE100, FACOAE120, 3OAR120, 3HAD120, EAR120x, 3OAS120, ACOAD5f
AACPS7, 3HAD120, 15, MACPD, HACD5, ACOATA, ECOAH5, ACACT5r, FADRx2, AACPS7, AACPS8, FACOAE100, FACOAE120, 3OAR120, 3HAD120, EAR120x, 3OAS120, ACOAD5f
AACPS7, 3OAS120, 15, MACPD, HACD5, ACOATA, ECOAH5, ACACT5r, FADRx2, AACPS7, AACPS8, FACOAE100, FACOAE120, 3OAR120, 3HAD120, EAR120x, 3OAS120, ACOAD5f
FACOAE161, 3OAS161, 17, MACPD, HACD7, AACPS2, AACPS4, ACOATA, ACACT7r, FADRx2, ECOAH7, 3OAS161, EAR161x, FACOAE141, FACOAE161, 3HAD161, 3OAR161, ACOAD6f, CTECOAI6, CTECOAI7
FACOAE161, 3HAD161, 17, MACPD, HACD7, AACPS2, AACPS4, ACOATA, ACACT7r, FADRx2, ECOAH7, 3OAS161, EAR161x, FACOAE141, FACOAE161, 3HAD161, 3OAR161, ACOAD6f, CTECOAI6, CTECOAI7
FACOAE161, 3OAR161, 17, MACPD, HACD7, AACPS2, AACPS4, ACOATA, ACACT7r, FADRx2, ECOAH7, 3OAS161, EAR161x, FACOAE141, FACOAE161, 3HAD161, 3OAR161, ACOAD6f, CTECOAI6, CTECOAI7
GLCtex_copy2, GLCtex_copy1, 2, GLCtex_copy1, GLCtex_copy2
PPPGO3, PPPGO, 8, FRD2, CYTBD2pp, ASPO5, ASPO6, PPPGO, PPPGO3, NADHPO, NADH17pp
PDX5PO2, PDX5POi, 4, AHGDx, PDX5POi, PDX5PO2, SHGO
FACOAE120, 3OAR120, 15, MACPD, HACD5, ACOATA, ECOAH5, ACACT5r, FADRx2, AACPS7, AACPS8, FACOAE100, FACOAE120, 3OAR120, 3HAD120, EAR120x, 3OAS120, ACOAD5f
FACOAE120, 3HAD120, 15, MACPD, HACD5, ACOATA, ECOAH5, ACACT5r, FADRx2, AACPS7, AACPS8, FACOAE100, FACOAE120, 3OAR120, 3HAD120, EAR120x, 3OAS120, ACOAD5f
FACOAE120, 3OAS120, 15, MACPD, HACD5, ACOATA, ECOAH5, ACACT5r, FADRx2, AACPS7, AACPS8, FACOAE100, FACOAE120, 3OAR120, 3HAD120, EAR120x, 3OAS120, ACOAD5f
SO4t2pp, SULabcpp, 205, CPPPGO, APRAUR, DB4PS, ACP1_FMN, RBFSb, EX_pi_e, EX_h_e, UPP3S, UPPDC1, EX_ade_e, EX_ala__L_e, EX_arg__L_e, EX_cytd_e, IMPC, GLUTRS, URIK1, CYTDK1, PPA, ALATA_L, A5PISO, EX_met__L_e, ECOAH6, PGK, EX_val__L_e, FMNAT, CYSDS, PMDPHT, RBFSa, EX_ile__L_e, EX_leu__L_e, EX_pro__L_e, EX_tyr__L_e, AIRC3, ADSL2r, FTHFD, EX_lys__L_e, EX_trp__L_e, GLUTRR, G1SAT, KDOCT2, PGAMT, UAGDP, GHMT2r, ACCOAC, HACD6, GLYCL, GTPCII2, EDTXS1, EDTXS2, HACD7, AACPS4, GK1, FCLT, KDOPS, KDOPP, AMPN, GSNK, DHAPT, UMPK, F6PA, EX_gthrd_e, ADSS, ASNN, MCOATA, HSST, U23GAAT, AKGDH, UHGADA, UAGAAT, SERAT, PSERT, AIRC2, GAPD, NTPP4, NTPP6, DHPPDA2, CYTD, G1PACT, GART, GF6PTA, GLUCYS, GLUPRT, PPBNGS, PRAGSr, PRFGS, ADK3, CYSTL, SHSL1, Htex, H2Otex, ACACT7r, PSP_L, SULabcpp, THRabcpp, VALabcpp, ARGabcpp, ASNt2rpp, HIStex, ILEtex, Ktex, EX_fad_e, ATPS4rpp, ADEt2rpp, ALAabcpp, CYTDt2pp_copy1, PHEtex, PItex, METS, PRASCSi, EX_pheme_e, SO4tex, THRtex, METtex, CYTDtex, MTHFR2, LEUtex, LYStex, ACACT6r, TRPtex, TYRtex, VALtex, LIPAabcpp, PHEMEabcpp, PHEMEtiex, FACOAE140, ILEabcpp, Kabcpp, LEUabcpp, METabcpp, PIuabcpp, PROabcpp, ADEtex, ALAtex, ARGtex, EX_enlipa_e, H2Otpp, HISabcpp, LYSabcpp, EX_h2o_e, HMBS, GLUDy, GLYC3Pabcpp, EX_asn__L_e, EX_so4_e, EX_phe__L_e, EX_thr__L_e, EX_his__L_e, EX_k_e, SUCOAS, PGCD, EX_gsn_e, ADSL1r, AICART, PROtex, RPI, ASNtex, FADRx2, EX_acser_e, EX_hom__L_e, GTHS, EX_g3pe_e, G3PEtex, HOMt2pp, HOMtex, ACSERtpp, ACSERtex, PRAIS, ECOAH7, FACOAE161, GTHRDabcpp, PA160abcpp, GSNtex, PPPGO3, FACOAE120, SO4t2pp, LPLIPAL1E160pp, PLIPA2E160pp, G3PAT160, G3PAT161, AGPAT160, EAR160y, 3OAR160, PETNT161pp, 3OAS160, PAPA161, PLIPA2A160pp, EAR140y, 3HAD140, 3HAD160, AGPAT161, 12DGR161tipp, GTHRDtex, ACOAD6f, FA120ACPHi, FA140ACPHi, LPLIPAL1A160pp, ENLIPAabctex, CTECOAI7, TRPtipp, TYRtipp, PHEtipp, GSNt3pp, FADt, FADtex, BIOMASS_Ec_iML1515_core_75p37M
G3PAT160, APG3PAT160, 3, G3PAT160, APG3PAT160, ACPPAT160
G3PAT160, ACPPAT160, 3, G3PAT160, APG3PAT160, ACPPAT160
G3PAT161, ACPPAT161, 3, G3PAT161, ACPPAT161, APG3PAT161
G3PAT161, APG3PAT161, 3, G3PAT161, ACPPAT161, APG3PAT161
ACOAD3f, 3HAD80, 29, MACPD, ECOAH1, ECOAH2, ECOAH3, HACD1, HACD2, ACOATA, ACACT2r, ACACT3r, HACD3, ACACT1r, FADRx2, KAS15, FACOAE80, 3HAD80, 3HAD40, 3OAS60, 3OAR60, 3OAR80, 3OAS80, 3OAR40, 3HAD60, EAR40x, EAR60x, EAR80x, ACOAD3f, ACOAD2f, FA80ACPHi, ACOAD1fr
ACOAD3f, 3HAD40, 29, MACPD, ECOAH1, ECOAH2, ECOAH3, HACD1, HACD2, ACOATA, ACACT2r, ACACT3r, HACD3, ACACT1r, FADRx2, KAS15, FACOAE80, 3HAD80, 3HAD40, 3OAS60, 3OAR60, 3OAR80, 3OAS80, 3OAR40, 3HAD60, EAR40x, EAR60x, EAR80x, ACOAD3f, ACOAD2f, FA80ACPHi, ACOAD1fr
ACOAD3f, 3OAS60, 29, MACPD, ECOAH1, ECOAH2, ECOAH3, HACD1, HACD2, ACOATA, ACACT2r, ACACT3r, HACD3, ACACT1r, FADRx2, KAS15, FACOAE80, 3HAD80, 3HAD40, 3OAS60, 3OAR60, 3OAR80, 3OAS80, 3OAR40, 3HAD60, EAR40x, EAR60x, EAR80x, ACOAD3f, ACOAD2f, FA80ACPHi, ACOAD1fr
ACOAD3f, 3OAR60, 29, MACPD, ECOAH1, ECOAH2, ECOAH3, HACD1, HACD2, ACOATA, ACACT2r, ACACT3r, HACD3, ACACT1r, FADRx2, KAS15, FACOAE80, 3HAD80, 3HAD40, 3OAS60, 3OAR60, 3OAR80, 3OAS80, 3OAR40, 3HAD60, EAR40x, EAR60x, EAR80x, ACOAD3f, ACOAD2f, FA80ACPHi, ACOAD1fr
ACOAD3f, 3OAR80, 29, MACPD, ECOAH1, ECOAH2, ECOAH3, HACD1, HACD2, ACOATA, ACACT2r, ACACT3r, HACD3, ACACT1r, FADRx2, KAS15, FACOAE80, 3HAD80, 3HAD40, 3OAS60, 3OAR60, 3OAR80, 3OAS80, 3OAR40, 3HAD60, EAR40x, EAR60x, EAR80x, ACOAD3f, ACOAD2f, FA80ACPHi, ACOAD1fr
ACOAD3f, 3OAS80, 29, MACPD, ECOAH1, ECOAH2, ECOAH3, HACD1, HACD2, ACOATA, ACACT2r, ACACT3r, HACD3, ACACT1r, FADRx2, KAS15, FACOAE80, 3HAD80, 3HAD40, 3OAS60, 3OAR60, 3OAR80, 3OAS80, 3OAR40, 3HAD60, EAR40x, EAR60x, EAR80x, ACOAD3f, ACOAD2f, FA80ACPHi, ACOAD1fr
ACOAD3f, 3OAS100, 39, ECOAH4, MACPD, ECOAH1, ECOAH2, ECOAH3, HACD4, HACD1, HACD2, NADTRHD, ACOATA, ACACT2r, ACACT3r, ACACT4r, HACD3, ACACT1r, FADRx2, KAS15, FACOAE100, 3HAD80, EAR80y, 3HAD40, 3OAS60, 3OAR60, 3OAR80, EAR100x, 3OAS80, 3OAS100, 3OAR40, 3OAR100, 3HAD60, 3HAD100, EAR40x, EAR60x, EAR80x, ACOAD3f, ACOAD2f, ACOAD4f, FA100ACPHi, ACOAD1fr
ACOAD3f, 3OAR40, 29, MACPD, ECOAH1, ECOAH2, ECOAH3, HACD1, HACD2, ACOATA, ACACT2r, ACACT3r, HACD3, ACACT1r, FADRx2, KAS15, FACOAE80, 3HAD80, 3HAD40, 3OAS60, 3OAR60, 3OAR80, 3OAS80, 3OAR40, 3HAD60, EAR40x, EAR60x, EAR80x, ACOAD3f, ACOAD2f, FA80ACPHi, ACOAD1fr
ACOAD3f, 3OAR100, 40, ECOAH4, MACPD, ECOAH1, ECOAH2, ECOAH3, HACD4, HACD1, HACD2, NADTRHD, ACOATA, ACACT2r, ACACT3r, ACACT4r, HACD3, ACACT1r, FADRx2, KAS15, FACOAE100, 3HAD80, EAR80y, 3HAD40, 3OAS60, 3OAR60, 3OAR80, EAR100x, 3OAS80, 3OAS100, 3OAR40, 3OAR100, 3HAD60, 3HAD100, EAR40x, EAR60x, EAR80x, ACOAD3f, ACOAD2f, ACOAD4f, FA100ACPHi, ACOAD1fr, ACOAD1f
ACOAD3f, 3HAD60, 29, MACPD, ECOAH1, ECOAH2, ECOAH3, HACD1, HACD2, ACOATA, ACACT2r, ACACT3r, HACD3, ACACT1r, FADRx2, KAS15, FACOAE80, 3HAD80, 3HAD40, 3OAS60, 3OAR60, 3OAR80, 3OAS80, 3OAR40, 3HAD60, EAR40x, EAR60x, EAR80x, ACOAD3f, ACOAD2f, FA80ACPHi, ACOAD1fr
ACOAD3f, 3HAD100, 39, ECOAH4, MACPD, ECOAH1, ECOAH2, ECOAH3, HACD4, HACD1, HACD2, NADTRHD, ACOATA, ACACT2r, ACACT3r, ACACT4r, HACD3, ACACT1r, FADRx2, KAS15, FACOAE100, 3HAD80, EAR80y, 3HAD40, 3OAS60, 3OAR60, 3OAR80, EAR100x, 3OAS80, 3OAS100, 3OAR40, 3OAR100, 3HAD60, 3HAD100, EAR40x, EAR60x, EAR80x, ACOAD3f, ACOAD2f, ACOAD4f, FA100ACPHi, ACOAD1fr
ACOAD2f, 3HAD80, 29, MACPD, ECOAH1, ECOAH2, ECOAH3, HACD1, HACD2, ACOATA, ACACT2r, ACACT3r, HACD3, ACACT1r, FADRx2, KAS15, FACOAE80, 3HAD80, 3HAD40, 3OAS60, 3OAR60, 3OAR80, 3OAS80, 3OAR40, 3HAD60, EAR40x, EAR60x, EAR80x, ACOAD3f, ACOAD2f, FA80ACPHi, ACOAD1fr
ACOAD2f, 3HAD40, 29, MACPD, ECOAH1, ECOAH2, ECOAH3, HACD1, HACD2, ACOATA, ACACT2r, ACACT3r, HACD3, ACACT1r, FADRx2, KAS15, FACOAE80, 3HAD80, 3HAD40, 3OAS60, 3OAR60, 3OAR80, 3OAS80, 3OAR40, 3HAD60, EAR40x, EAR60x, EAR80x, ACOAD3f, ACOAD2f, FA80ACPHi, ACOAD1fr
ACOAD2f, 3OAS60, 29, MACPD, ECOAH1, ECOAH2, ECOAH3, HACD1, HACD2, ACOATA, ACACT2r, ACACT3r, HACD3, ACACT1r, FADRx2, KAS15, FACOAE80, 3HAD80, 3HAD40, 3OAS60, 3OAR60, 3OAR80, 3OAS80, 3OAR40, 3HAD60, EAR40x, EAR60x, EAR80x, ACOAD3f, ACOAD2f, FA80ACPHi, ACOAD1fr
ACOAD2f, 3OAR60, 29, MACPD, ECOAH1, ECOAH2, ECOAH3, HACD1, HACD2, ACOATA, ACACT2r, ACACT3r, HACD3, ACACT1r, FADRx2, KAS15, FACOAE80, 3HAD80, 3HAD40, 3OAS60, 3OAR60, 3OAR80, 3OAS80, 3OAR40, 3HAD60, EAR40x, EAR60x, EAR80x, ACOAD3f, ACOAD2f, FA80ACPHi, ACOAD1fr
ACOAD2f, 3OAR80, 29, MACPD, ECOAH1, ECOAH2, ECOAH3, HACD1, HACD2, ACOATA, ACACT2r, ACACT3r, HACD3, ACACT1r, FADRx2, KAS15, FACOAE80, 3HAD80, 3HAD40, 3OAS60, 3OAR60, 3OAR80, 3OAS80, 3OAR40, 3HAD60, EAR40x, EAR60x, EAR80x, ACOAD3f, ACOAD2f, FA80ACPHi, ACOAD1fr
ACOAD2f, 3OAS80, 29, MACPD, ECOAH1, ECOAH2, ECOAH3, HACD1, HACD2, ACOATA, ACACT2r, ACACT3r, HACD3, ACACT1r, FADRx2, KAS15, FACOAE80, 3HAD80, 3HAD40, 3OAS60, 3OAR60, 3OAR80, 3OAS80, 3OAR40, 3HAD60, EAR40x, EAR60x, EAR80x, ACOAD3f, ACOAD2f, FA80ACPHi, ACOAD1fr
ACOAD2f, 3OAS100, 43, ECOAH4, PPA, MACPD, ECOAH1, ECOAH2, ECOAH3, HACD4, ADK1, HACD1, HACD2, ACOATA, H2Otex, ACACT2r, ACACT3r, ACACT4r, H2Otpp, EX_h2o_e, HACD3, ACACT1r, FADRx2, AACPS8, KAS15, FACOAE100, 3HAD80, 3HAD40, 3OAS60, 3OAR60, 3OAR80, EAR100x, 3OAS80, 3OAS100, 3OAR40, 3OAR100, 3HAD60, 3HAD100, EAR40x, EAR60x, EAR80x, ACOAD3f, ACOAD2f, ACOAD4f, FA100ACPHi, ACOAD1fr
ACOAD2f, 3OAR40, 29, MACPD, ECOAH1, ECOAH2, ECOAH3, HACD1, HACD2, ACOATA, ACACT2r, ACACT3r, HACD3, ACACT1r, FADRx2, KAS15, FACOAE80, 3HAD80, 3HAD40, 3OAS60, 3OAR60, 3OAR80, 3OAS80, 3OAR40, 3HAD60, EAR40x, EAR60x, EAR80x, ACOAD3f, ACOAD2f, FA80ACPHi, ACOAD1fr
ACOAD2f, 3OAR100, 43, ECOAH4, PPA, MACPD, ECOAH1, ECOAH2, ECOAH3, HACD4, ADK1, HACD1, HACD2, ACOATA, H2Otex, ACACT2r, ACACT3r, ACACT4r, H2Otpp, EX_h2o_e, HACD3, ACACT1r, FADRx2, AACPS8, KAS15, FACOAE100, 3HAD80, 3HAD40, 3OAS60, 3OAR60, 3OAR80, EAR100x, 3OAS80, 3OAS100, 3OAR40, 3OAR100, 3HAD60, 3HAD100, EAR40x, EAR60x, EAR80x, ACOAD3f, ACOAD2f, ACOAD4f, FA100ACPHi, ACOAD1fr
ACOAD2f, 3HAD60, 29, MACPD, ECOAH1, ECOAH2, ECOAH3, HACD1, HACD2, ACOATA, ACACT2r, ACACT3r, HACD3, ACACT1r, FADRx2, KAS15, FACOAE80, 3HAD80, 3HAD40, 3OAS60, 3OAR60, 3OAR80, 3OAS80, 3OAR40, 3HAD60, EAR40x, EAR60x, EAR80x, ACOAD3f, ACOAD2f, FA80ACPHi, ACOAD1fr
ACOAD2f, 3HAD100, 43, ECOAH4, PPA, MACPD, ECOAH1, ECOAH2, ECOAH3, HACD4, ADK1, HACD1, HACD2, ACOATA, H2Otex, ACACT2r, ACACT3r, ACACT4r, H2Otpp, EX_h2o_e, HACD3, ACACT1r, FADRx2, AACPS8, KAS15, FACOAE100, 3HAD80, 3HAD40, 3OAS60, 3OAR60, 3OAR80, EAR100x, 3OAS80, 3OAS100, 3OAR40, 3OAR100, 3HAD60, 3HAD100, EAR40x, EAR60x, EAR80x, ACOAD3f, ACOAD2f, ACOAD4f, FA100ACPHi, ACOAD1fr
ACOAD4f, 3OAS100, 15, ECOAH4, MACPD, HACD4, ACOATA, ACACT4r, FADRx2, AACPS8, AACPS9, FACOAE100, FACOAE80, EAR100x, 3OAS100, 3OAR100, 3HAD100, ACOAD4f
ACOAD4f, 3OAR100, 15, ECOAH4, MACPD, HACD4, ACOATA, ACACT4r, FADRx2, AACPS8, AACPS9, FACOAE100, FACOAE80, EAR100x, 3OAS100, 3OAR100, 3HAD100, ACOAD4f
ACOAD4f, 3HAD100, 15, ECOAH4, MACPD, HACD4, ACOATA, ACACT4r, FADRx2, AACPS8, AACPS9, FACOAE100, FACOAE80, EAR100x, 3OAS100, 3OAR100, 3HAD100, ACOAD4f
OPHHX3, OPHHXy, 4, CYTBDpp, NADPHQR2, OPHHX3, OPHHXy
ZN2tpp, ZNabcpp, 2, ZNabcpp, ZN2tpp
NI2tpp, NI2uabcpp, 2, NI2uabcpp, NI2tpp
DALAt2pp, DALAtex, 7, EX_ala__L_e, ALAR, ALAtex, DALAtex, EX_ala__D_e, ALAt2pp, DALAt2pp
MN2tpp, MNt2pp, 3, ATPS4rpp, MNt2pp, MN2tpp
CLt3_2pp, CLtipp, 3, ATPS4rpp, CLt3_2pp, CLtipp
POR5, FLDR2, 4, NADTRHD, PDH, POR5, FLDR2
I4FE4SR, S4FE4ST, 10, ICYSDS, I4FE4SR, I2FE2SS, I2FE2SS2, I4FE4ST, S4FE4ST, S2FE2SS2, SCYSDS, S2FE2SS, S4FE4SR
I4FE4SR, S2FE2SS2, 10, ICYSDS, I4FE4SR, I2FE2SS, I2FE2SS2, I4FE4ST, S4FE4ST, S2FE2SS2, SCYSDS, S2FE2SS, S4FE4SR
I4FE4SR, SCYSDS, 10, ICYSDS, I4FE4SR, I2FE2SS, I2FE2SS2, I4FE4ST, S4FE4ST, S2FE2SS2, SCYSDS, S2FE2SS, S4FE4SR
I4FE4SR, S2FE2SS, 10, ICYSDS, I4FE4SR, I2FE2SS, I2FE2SS2, I4FE4ST, S4FE4ST, S2FE2SS2, SCYSDS, S2FE2SS, S4FE4SR
I4FE4SR, S4FE4SR, 10, ICYSDS, I4FE4SR, I2FE2SS, I2FE2SS2, I4FE4ST, S4FE4ST, S2FE2SS2, SCYSDS, S2FE2SS, S4FE4SR
I2FE2SS, S2FE2ST, 0
I2FE2SS, S4FE4ST, 10, ICYSDS, I4FE4SR, I2FE2SS, I2FE2SS2, I4FE4ST, S4FE4ST, S2FE2SS2, SCYSDS, S2FE2SS, S4FE4SR
I2FE2SS, S2FE2SS2, 10, ICYSDS, I4FE4SR, I2FE2SS, I2FE2SS2, I4FE4ST, S4FE4ST, S2FE2SS2, SCYSDS, S2FE2SS, S4FE4SR
I2FE2SS, SCYSDS, 10, ICYSDS, I4FE4SR, I2FE2SS, I2FE2SS2, I4FE4ST, S4FE4ST, S2FE2SS2, SCYSDS, S2FE2SS, S4FE4SR
I2FE2SS, S2FE2SS, 10, ICYSDS, I4FE4SR, I2FE2SS, I2FE2SS2, I4FE4ST, S4FE4ST, S2FE2SS2, SCYSDS, S2FE2SS, S4FE4SR
I2FE2SS, S4FE4SR, 10, ICYSDS, I4FE4SR, I2FE2SS, I2FE2SS2, I4FE4ST, S4FE4ST, S2FE2SS2, SCYSDS, S2FE2SS, S4FE4SR
I2FE2ST, S2FE2ST, 0
I2FE2ST, SCYSDS, 0
I2FE2ST, S2FE2SS, 0
I2FE2SS2, S4FE4ST, 10, ICYSDS, I4FE4SR, I2FE2SS, I2FE2SS2, I4FE4ST, S4FE4ST, S2FE2SS2, SCYSDS, S2FE2SS, S4FE4SR
I2FE2SS2, S2FE2SS2, 10, ICYSDS, I4FE4SR, I2FE2SS, I2FE2SS2, I4FE4ST, S4FE4ST, S2FE2SS2, SCYSDS, S2FE2SS, S4FE4SR
I2FE2SS2, SCYSDS, 10, ICYSDS, I4FE4SR, I2FE2SS, I2FE2SS2, I4FE4ST, S4FE4ST, S2FE2SS2, SCYSDS, S2FE2SS, S4FE4SR
I2FE2SS2, S2FE2SS, 10, ICYSDS, I4FE4SR, I2FE2SS, I2FE2SS2, I4FE4ST, S4FE4ST, S2FE2SS2, SCYSDS, S2FE2SS, S4FE4SR
I2FE2SS2, S4FE4SR, 10, ICYSDS, I4FE4SR, I2FE2SS, I2FE2SS2, I4FE4ST, S4FE4ST, S2FE2SS2, SCYSDS, S2FE2SS, S4FE4SR
I4FE4ST, S4FE4ST, 10, ICYSDS, I4FE4SR, I2FE2SS, I2FE2SS2, I4FE4ST, S4FE4ST, S2FE2SS2, SCYSDS, S2FE2SS, S4FE4SR
I4FE4ST, S2FE2SS2, 10, ICYSDS, I4FE4SR, I2FE2SS, I2FE2SS2, I4FE4ST, S4FE4ST, S2FE2SS2, SCYSDS, S2FE2SS, S4FE4SR
I4FE4ST, SCYSDS, 10, ICYSDS, I4FE4SR, I2FE2SS, I2FE2SS2, I4FE4ST, S4FE4ST, S2FE2SS2, SCYSDS, S2FE2SS, S4FE4SR
I4FE4ST, S2FE2SS, 10, ICYSDS, I4FE4SR, I2FE2SS, I2FE2SS2, I4FE4ST, S4FE4ST, S2FE2SS2, SCYSDS, S2FE2SS, S4FE4SR
I4FE4ST, S4FE4SR, 10, ICYSDS, I4FE4SR, I2FE2SS, I2FE2SS2, I4FE4ST, S4FE4ST, S2FE2SS2, SCYSDS, S2FE2SS, S4FE4SR
I2FE2SR, S2FE2SR, 0
I2FE2SR, SCYSDS, 0
CTECOAI7, 3OAS161, 17, MACPD, HACD7, AACPS2, AACPS4, ACOATA, ACACT7r, FADRx2, ECOAH7, 3OAS161, EAR161x, FACOAE141, FACOAE161, 3HAD161, 3OAR161, ACOAD6f, CTECOAI6, CTECOAI7
CTECOAI7, 3HAD161, 17, MACPD, HACD7, AACPS2, AACPS4, ACOATA, ACACT7r, FADRx2, ECOAH7, 3OAS161, EAR161x, FACOAE141, FACOAE161, 3HAD161, 3OAR161, ACOAD6f, CTECOAI6, CTECOAI7
CTECOAI7, 3OAR161, 17, MACPD, HACD7, AACPS2, AACPS4, ACOATA, ACACT7r, FADRx2, ECOAH7, 3OAS161, EAR161x, FACOAE141, FACOAE161, 3HAD161, 3OAR161, ACOAD6f, CTECOAI6, CTECOAI7
RNTR1c2, NDPK8, 5, NDPK8, RNDR1, TRDR, RNTR1c2, FLDR2
RNTR2c2, NDPK5, 6, NDPK5, NDPK1, TRDR, RNDR2, RNTR2c2, FLDR2
RNTR3c2, NDPK7, 6, RNDR3, NDPK7, NDPK3, TRDR, RNTR3c2, FLDR2
ACOAD1fr, 3HAD80, 29, MACPD, ECOAH1, ECOAH2, ECOAH3, HACD1, HACD2, ACOATA, ACACT2r, ACACT3r, HACD3, ACACT1r, FADRx2, KAS15, FACOAE80, 3HAD80, 3HAD40, 3OAS60, 3OAR60, 3OAR80, 3OAS80, 3OAR40, 3HAD60, EAR40x, EAR60x, EAR80x, ACOAD3f, ACOAD2f, FA80ACPHi, ACOAD1fr
ACOAD1fr, 3HAD40, 29, MACPD, ECOAH1, ECOAH2, ECOAH3, HACD1, HACD2, ACOATA, ACACT2r, ACACT3r, HACD3, ACACT1r, FADRx2, KAS15, FACOAE80, 3HAD80, 3HAD40, 3OAS60, 3OAR60, 3OAR80, 3OAS80, 3OAR40, 3HAD60, EAR40x, EAR60x, EAR80x, ACOAD3f, ACOAD2f, FA80ACPHi, ACOAD1fr
ACOAD1fr, 3OAS60, 29, MACPD, ECOAH1, ECOAH2, ECOAH3, HACD1, HACD2, ACOATA, ACACT2r, ACACT3r, HACD3, ACACT1r, FADRx2, KAS15, FACOAE80, 3HAD80, 3HAD40, 3OAS60, 3OAR60, 3OAR80, 3OAS80, 3OAR40, 3HAD60, EAR40x, EAR60x, EAR80x, ACOAD3f, ACOAD2f, FA80ACPHi, ACOAD1fr
ACOAD1fr, 3OAR60, 29, MACPD, ECOAH1, ECOAH2, ECOAH3, HACD1, HACD2, ACOATA, ACACT2r, ACACT3r, HACD3, ACACT1r, FADRx2, KAS15, FACOAE80, 3HAD80, 3HAD40, 3OAS60, 3OAR60, 3OAR80, 3OAS80, 3OAR40, 3HAD60, EAR40x, EAR60x, EAR80x, ACOAD3f, ACOAD2f, FA80ACPHi, ACOAD1fr
ACOAD1fr, 3OAR80, 29, MACPD, ECOAH1, ECOAH2, ECOAH3, HACD1, HACD2, ACOATA, ACACT2r, ACACT3r, HACD3, ACACT1r, FADRx2, KAS15, FACOAE80, 3HAD80, 3HAD40, 3OAS60, 3OAR60, 3OAR80, 3OAS80, 3OAR40, 3HAD60, EAR40x, EAR60x, EAR80x, ACOAD3f, ACOAD2f, FA80ACPHi, ACOAD1fr
ACOAD1fr, 3OAS80, 29, MACPD, ECOAH1, ECOAH2, ECOAH3, HACD1, HACD2, ACOATA, ACACT2r, ACACT3r, HACD3, ACACT1r, FADRx2, KAS15, FACOAE80, 3HAD80, 3HAD40, 3OAS60, 3OAR60, 3OAR80, 3OAS80, 3OAR40, 3HAD60, EAR40x, EAR60x, EAR80x, ACOAD3f, ACOAD2f, FA80ACPHi, ACOAD1fr
ACOAD1fr, 3OAS100, 43, ECOAH4, PPA, MACPD, ECOAH1, ECOAH2, ECOAH3, HACD4, ADK1, HACD1, HACD2, ACOATA, H2Otex, ACACT2r, ACACT3r, ACACT4r, H2Otpp, EX_h2o_e, HACD3, ACACT1r, FADRx2, AACPS8, KAS15, FACOAE100, 3HAD80, 3HAD40, 3OAS60, 3OAR60, 3OAR80, EAR100x, 3OAS80, 3OAS100, 3OAR40, 3OAR100, 3HAD60, 3HAD100, EAR40x, EAR60x, EAR80x, ACOAD3f, ACOAD2f, ACOAD4f, FA100ACPHi, ACOAD1fr
ACOAD1fr, 3OAR40, 29, MACPD, ECOAH1, ECOAH2, ECOAH3, HACD1, HACD2, ACOATA, ACACT2r, ACACT3r, HACD3, ACACT1r, FADRx2, KAS15, FACOAE80, 3HAD80, 3HAD40, 3OAS60, 3OAR60, 3OAR80, 3OAS80, 3OAR40, 3HAD60, EAR40x, EAR60x, EAR80x, ACOAD3f, ACOAD2f, FA80ACPHi, ACOAD1fr
ACOAD1fr, 3OAR100, 43, ECOAH4, PPA, MACPD, ECOAH1, ECOAH2, ECOAH3, HACD4, ADK1, HACD1, HACD2, ACOATA, H2Otex, ACACT2r, ACACT3r, ACACT4r, H2Otpp, EX_h2o_e, HACD3, ACACT1r, FADRx2, AACPS8, KAS15, FACOAE100, 3HAD80, 3HAD40, 3OAS60, 3OAR60, 3OAR80, EAR100x, 3OAS80, 3OAS100, 3OAR40, 3OAR100, 3HAD60, 3HAD100, EAR40x, EAR60x, EAR80x, ACOAD3f, ACOAD2f, ACOAD4f, FA100ACPHi, ACOAD1fr
ACOAD1fr, 3HAD60, 29, MACPD, ECOAH1, ECOAH2, ECOAH3, HACD1, HACD2, ACOATA, ACACT2r, ACACT3r, HACD3, ACACT1r, FADRx2, KAS15, FACOAE80, 3HAD80, 3HAD40, 3OAS60, 3OAR60, 3OAR80, 3OAS80, 3OAR40, 3HAD60, EAR40x, EAR60x, EAR80x, ACOAD3f, ACOAD2f, FA80ACPHi, ACOAD1fr
ACOAD1fr, 3HAD100, 43, ECOAH4, PPA, MACPD, ECOAH1, ECOAH2, ECOAH3, HACD4, ADK1, HACD1, HACD2, ACOATA, H2Otex, ACACT2r, ACACT3r, ACACT4r, H2Otpp, EX_h2o_e, HACD3, ACACT1r, FADRx2, AACPS8, KAS15, FACOAE100, 3HAD80, 3HAD40, 3OAS60, 3OAR60, 3OAR80, EAR100x, 3OAS80, 3OAS100, 3OAR40, 3OAR100, 3HAD60, 3HAD100, EAR40x, EAR60x, EAR80x, ACOAD3f, ACOAD2f, ACOAD4f, FA100ACPHi, ACOAD1fr
AI2K, MTHTHFSs, 24, EX_h_e, ACALD, FBA, EX_glc__D_e, EX_acald_e, HEX7, XYLI2, MALS, Htex, H2Otex, ACALDtex, ACALDtpp, GLCtex_copy1, H2Otpp, GLCt2pp, EX_h2o_e, PFK, TPI, MTHTHFSs, DHPTDCs2, DM_mththf_c, AI2K, PAI2I, PAI2T
AI2K, DHPTDCs2, 24, EX_h_e, ACALD, FBA, EX_glc__D_e, EX_acald_e, HEX7, XYLI2, MALS, Htex, H2Otex, ACALDtex, ACALDtpp, GLCtex_copy1, H2Otpp, GLCt2pp, EX_h2o_e, PFK, TPI, MTHTHFSs, DHPTDCs2, DM_mththf_c, AI2K, PAI2I, PAI2T
PIt2rpp, PIuabcpp, 294, CPPPGO, G3PD5, APRAUR, DB4PS, ACP1_FMN, RBFSb, EX_pi_e, EX_h_e, UPP3S, UPPDC1, EX_ade_e, EX_ala__L_e, EX_arg__L_e, EX_cytd_e, EX_gua_e, IMPC, GLUTRS, URIK1, CYTDK1, NDPK5, PPA, ME1, ALATA_L, A5PISO, EX_met__L_e, EX_glcn_e, ECOAH6, PGK, EX_val__L_e, FMNAT, NDPK8, CYSDS, PMDPHT, RBFSa, POX, EX_ile__L_e, EX_leu__L_e, EX_pro__L_e, EX_thymd_e, EX_tyr__L_e, MOAT, USHD, LPADSS, TDSK, AIRC3, ADSL2r, EX_fe2_e, RNDR1, RNDR3, TMDK1, FTHFD, EX_lys__L_e, EX_trp__L_e, GLUTRR, G1SAT, KDOCT2, PGAMT, UAGDP, MACPD, GHMT2r, INSK, ACCOAC, HACD6, GLYCL, GTPCII2, URIC, SADT2, EDTXS1, EDTXS2, HACD7, ADPT, AACPS4, CAT, CYTK1, GK1, ALLTN, NDPK7, FCLT, KDOPS, KDOPP, GUAD, AMPN, GSNK, DHAPT, UMPK, F6PA, EX_gthrd_e, ADD, ASNN, MCOATA, HSST, MALS, G3PD2, U23GAAT, UGLYCH, AKGDH, UHGADA, UAGAAT, PRPPS, SERAT, CYSS, BPNT, PAPSR, SULR, PSERT, AIRC2, GAPD, GND, ACOATA, NTPP4, NTPP7, NTPP8, DHPPDA2, CYTD, G1PACT, GART, GF6PTA, H2SO, GLUCYS, GLUPRT, PPBNGS, PRAGSr, PRFGS, MOAT2, EX_ins_e, ADK3, ADSK, CYSTL, SHSL1, GUAtex, Htex, H2Otex, THD2pp, ACACT7r, PSP_L, THMDt2pp_copy1, THRabcpp, URIt2pp_copy1, VALabcpp, ARGabcpp, ASNt2rpp, HIStex, ILEtex, INStex, Ktex, EX_fad_e, ATPS4rpp, ADEt2rpp, ALAabcpp, GUAtpp, GLCNtex, CYTDt2pp_copy1, PHEtex, PItex, METS, PRASCSi, EX_pheme_e, SO4tex, THRtex, THMDtex, METtex, CYTDtex, MTHFR2, LEUtex, LYStex, FE2tex, ACACT6r, TRPtex, TYRtex, URItex, VALtex, LIPAabcpp, PHEMEabcpp, PHEMEtiex, AMPTASECG, AGM4PApp, FE2t2pp, FACOAE140, ILEabcpp, Kabcpp, LEUabcpp, METabcpp, PIuabcpp, PROabcpp, ADEtex, ALAtex, ARGtex, FACOAL140t2pp, GLUabcpp, EX_enlipa_e, H2Otpp, HISabcpp, LYSabcpp, GLCNt2rpp, EX_h2o_e, HMBS, GLUDy, GLYC3Pabcpp, RNDR2, EX_asn__L_e, XAND, 4PEPTtex, EX_so4_e, EX_phe__L_e, EX_thr__L_e, EX_uri_e, EX_his__L_e, EX_k_e, SUCOAS, PGCD, EX_gsn_e, AICART, PROtex, TPI, RPI, ASNtex, FADRx2, EX_acser_e, EX_hom__L_e, EX_LalaDgluMdapDala_e, EX_anhgm_e, GLNS, GTHS, EX_g3pe_e, ANHGMtex, HXAND, G3PEtex, PPPGO, HOMt2pp, HOMtex, ACSERtpp, ACSERtex, PRAIS, HXCT, ECOAH7, FACOAE60, FACOAE161, GTHRDabcpp, FACOAL161t2pp, PA160abcpp, GSNtex, K2L4Aabcpp, PPPGO3, CDAPPA160, FACOAE120, SO4t2pp, PSD160, PLIPA2A140pp, LPLIPAL1E160pp, PLIPA2E160pp, GTHRDHpp, G3PAT140, G3PAT160, G3PAT161, AGPAT160, EAR160y, LPLIPAL1E161pp, AGPAT140, 3OAR160, PE160abcpp, PA140abcpp, PETNT161pp, PSSA160, 3OAS160, PAPA161, CGLYabcpp, PLIPA2A160pp, EAR140y, 3HAD140, 3HAD160, AGPAT161, 12DGR161tipp, LPLIPAL1A140pp, GTHRDtex, ACOAD6f, FA120ACPHi, FA140ACPHi, PLIPA2E161pp, LPLIPAL1A160pp, ENLIPAabctex, CTECOAI7, K2L4Aabctex, TRPtipp, TYRtipp, PHEtipp, GNP, ALLTAMH2, UGCIAMH, PIt2rpp, GSNt3pp, INSt3pp, FADt, FADtex, BIOMASS_Ec_iML1515_core_75p37M
PAI2I, MTHTHFSs, 24, EX_h_e, ACALD, FBA, EX_glc__D_e, EX_acald_e, HEX7, XYLI2, MALS, Htex, H2Otex, ACALDtex, ACALDtpp, GLCtex_copy1, H2Otpp, GLCt2pp, EX_h2o_e, PFK, TPI, MTHTHFSs, DHPTDCs2, DM_mththf_c, AI2K, PAI2I, PAI2T
PAI2I, DHPTDCs2, 24, EX_h_e, ACALD, FBA, EX_glc__D_e, EX_acald_e, HEX7, XYLI2, MALS, Htex, H2Otex, ACALDtex, ACALDtpp, GLCtex_copy1, H2Otpp, GLCt2pp, EX_h2o_e, PFK, TPI, MTHTHFSs, DHPTDCs2, DM_mththf_c, AI2K, PAI2I, PAI2T
PAI2T, MTHTHFSs, 24, EX_h_e, ACALD, FBA, EX_glc__D_e, EX_acald_e, HEX7, XYLI2, MALS, Htex, H2Otex, ACALDtex, ACALDtpp, GLCtex_copy1, H2Otpp, GLCt2pp, EX_h2o_e, PFK, TPI, MTHTHFSs, DHPTDCs2, DM_mththf_c, AI2K, PAI2I, PAI2T
PAI2T, DHPTDCs2, 24, EX_h_e, ACALD, FBA, EX_glc__D_e, EX_acald_e, HEX7, XYLI2, MALS, Htex, H2Otex, ACALDtex, ACALDtpp, GLCtex_copy1, H2Otpp, GLCt2pp, EX_h2o_e, PFK, TPI, MTHTHFSs, DHPTDCs2, DM_mththf_c, AI2K, PAI2I, PAI2T
TKT1, RPE, 39, CS, ICDHyr, ASPTA, PYK, ENO, PGI, EDA, PGL, RPE, TALA, TKT1, EDD, ABTA, ASPT, GLXCL, NADTRHD, HPYRRy, MALS, AKGDH, GLYCK2, GND, ME2, G6PDH2r, GLUDC, SSALy, TKT2, NADPHQR2, GLUDy, PDH, SUCOAS, RPI, PPPGO, HPYRI, PPPGO3, SUCDi, ACONTb, ACONTa, OPHHX3, OPHHXy
VALTA, ALATA_L, 3, ALATA_L, VALTA, VPAMTr
IPDPS, DMPPS, 3, DMPPS, IPDPS, IPDDI
PRPPS, PPM, 5, PPM, ADK1, PRPPS, R1PK, R15BPK
PSERT, GHMT2r, 189, LEUTAi, SHK3Dr, EX_h_e, EX_arg__L_e, EX_cytd_e, EX_glu__L_e, URIK1, DHORTS, OMPDC, CS, ICDHyr, PPCK, ME1, ALAR, ALATA_L, ASPTA, PYK, IPPMIb, ACLS, PSCVT, CHORS, ENO, FBA, MGSA, PPS, PGK, RPE, TALA, TKT1, ORPT, PFL, EX_leu__L_e, NTPP1, IPMD, FTHFD, DHQTi, PUNP2, DHAD1, IPPMIa, EX_alltn_e, MDH, OHPBAT, EX_gly_e, GHMT2r, DHORD2, THRD, KARA1, NTD6, GLYCL, URIC, GLXCL, SDPDS, ADPT, ADK1, GK1, ALLTN, AOBUTDs, GLYAT, AST, SGDS, GUAD, NDPK1, GSNK, ADCS, ADCL, EX_h2s_e, GLYCLTDx, ASNN, ASNS2, ASPCT, DAPE, DHDPRy, HSK, SDPTA, THRS, DDPA, MALS, UGLYCH, ASPK, ASAD, CBMKr, PSERT, GAPD, ME2, IPPS, CYTD, DHDPS, H2SO, SOTA, SGSAD, PPM2, HSDy, GLUtex, GLYtex, Htex, H2Otex, O2tpp, PSP_L, SULabcpp, DRPA, TKT2, ARGabcpp, ASNt2rpp, ASPabcpp, ALLTNt2rpp, O2tex, CYTDt2pp_copy1, TRSARr, SO4tex, NH4tex, CYTDtex, LEUtex, MTHFC, MTHFD, GLYOX3, LADGMDH, ALAGLUE, LALGP, 3PEPTabcpp, 4PEPTabcpp, CITtex, LEUabcpp, NH4tpp, ASNNpp, ARGtex, GLUabcpp, 4PCP, EX_h2o_e, THDPS, GLUDy, NTPP5, EX_asn__L_e, XAND, H2Stex, OMCDC, E4PD, EX_nh4_e, 4PEPTtex, EX_cit_e, SHKK, EX_so4_e, SADH, GLUSy, PDH, H2St1pp, NTD8, PUNP4, SUCOAS, DHQS, PGCD, EX_gsn_e, PFK, PGM, TPI, RPI, PERD, ALLTNtex, ASNtex, EX_o2_e, EX_LalaDgluMdapDala_e, EX_LalaDgluMdap_e, 3PEPTtex, LDH_D2, GCALDD, LDH_D, HPYRI, GSNt2pp, GSNtex, AACTOOR, GLYCK, ACONTb, ACONTa, NADHPO, GLYt2pp, THRA, POR5, RNTR1c2, RNTR2c2, CITt3pp, ALLTAMH2, UGCIAMH, 4ABZGLUH, 4ABZGLUtr, GLYtpp, HPYRP, 4HTHRK, EX_4abzglu_e, 4ABZGLUtex, 4HTHRA
GND, RPE, 39, CS, ICDHyr, ASPTA, PYK, ENO, PGI, EDA, PGL, RPE, TALA, TKT1, EDD, ABTA, ASPT, GLXCL, NADTRHD, HPYRRy, MALS, AKGDH, GLYCK2, GND, ME2, G6PDH2r, GLUDC, SSALy, TKT2, NADPHQR2, GLUDy, PDH, SUCOAS, RPI, PPPGO, HPYRI, PPPGO3, SUCDi, ACONTb, ACONTa, OPHHX3, OPHHXy
GARFT, GART, 3, GART, GARFT, FTHFLi
O2tpp, ENO, 77, CS, ICDHyr, ACALD, ASPTA, ACLS, ENO, FBA, PGI, PGK, PGL, RPE, TALA, TKT1, ALCD2x, EX_val__L_e, VALTA, PFL, FTHFD, EX_glc__D_e, DHAD1, MDH, FUM, EX_gly_e, EX_ser__L_e, GHMT2r, ASPT, SERD_L, KARA1, NADTRHD, DHAPT, F6PA, AKGDH, HPYRRx, PSERT, GAPD, HEX1, GND, G6PDH2r, GLYtex, O2tpp, PSP_L, TKT2, ATPS4rpp, O2tex, SERtex, NH4tex, MTHFC, MTHFD, VALtex, EX_glyc__R_e, NH4tpp, GLYCAt2rpp, GLYCAtex, GLCptspp, GLCt2pp, GLUDy, ETOHtex, EX_nh4_e, EX_etoh_e, SUCOAS, PGCD, PFK, PGM, TPI, RPI, EX_o2_e, GLCtex_copy2, CYTBO3_4pp, SUCDi, ACONTb, ACONTa, NADH16pp, ETOHtrpp, GLYtpp, HPYRP, SERtpp, VALt3pp
O2tpp, PGK, 75, EX_ac_e, CS, ICDHyr, ACALD, ASPTA, PYK, ENO, FBA, MGSA, PGI, PGK, ALCD2x, PTAr, ACKr, EX_glc__D_e, MDH, FUM, ASPT, ECOAH1, ECOAH2, HACD1, HACD2, FADRx, F6PA, AKGDH, GAPD, HEX1, H2Otex, O2tpp, 12PPDStex, ACtex, ACACT2r, EX_hxa_e, HXAtex, ACt2rpp, ATPS4rpp, O2tex, GLCtex_copy1, ALKP, GLYOX3, H2Otpp, GLCptspp, GLCt2pp, EX_h2o_e, GLUDy, ETOHtex, EX_etoh_e, EX_12ppd__S_e, ACACT1r, SUCOAS, PFK, PGM, TPI, EX_o2_e, LALDO3, LDH_D, FACOAE60, HEXt2rpp, 12PPDStpp, CYTBO3_4pp, 12PPDRtpp, SUCDi, 12PPDRtex, ALR4x, ACONTb, ACONTa, EX_12ppd__R_e, ACOAD2f, NADH16pp, POR5, ETOHtrpp, FLDR2, ACOAD1fr, ALR2x, LCARSyi
O2tpp, GAPD, 75, EX_ac_e, CS, ICDHyr, ACALD, ASPTA, PYK, ENO, FBA, MGSA, PGI, PGK, ALCD2x, PTAr, ACKr, EX_glc__D_e, MDH, FUM, ASPT, ECOAH1, ECOAH2, HACD1, HACD2, FADRx, F6PA, AKGDH, GAPD, HEX1, H2Otex, O2tpp, 12PPDStex, ACtex, ACACT2r, EX_hxa_e, HXAtex, ACt2rpp, ATPS4rpp, O2tex, GLCtex_copy1, ALKP, GLYOX3, H2Otpp, GLCptspp, GLCt2pp, EX_h2o_e, GLUDy, ETOHtex, EX_etoh_e, EX_12ppd__S_e, ACACT1r, SUCOAS, PFK, PGM, TPI, EX_o2_e, LALDO3, LDH_D, FACOAE60, HEXt2rpp, 12PPDStpp, CYTBO3_4pp, 12PPDRtpp, SUCDi, 12PPDRtex, ALR4x, ACONTb, ACONTa, EX_12ppd__R_e, ACOAD2f, NADH16pp, POR5, ETOHtrpp, FLDR2, ACOAD1fr, ALR2x, LCARSyi
PSP_L, GHMT2r, 189, LEUTAi, SHK3Dr, EX_h_e, EX_arg__L_e, EX_cytd_e, EX_glu__L_e, URIK1, DHORTS, OMPDC, CS, ICDHyr, PPCK, ME1, ALAR, ALATA_L, ASPTA, PYK, IPPMIb, ACLS, PSCVT, CHORS, ENO, FBA, MGSA, PPS, PGK, RPE, TALA, TKT1, ORPT, PFL, EX_leu__L_e, NTPP1, IPMD, FTHFD, DHQTi, PUNP2, DHAD1, IPPMIa, EX_alltn_e, MDH, OHPBAT, EX_gly_e, GHMT2r, DHORD2, THRD, KARA1, NTD6, GLYCL, URIC, GLXCL, SDPDS, ADPT, ADK1, GK1, ALLTN, AOBUTDs, GLYAT, AST, SGDS, GUAD, NDPK1, GSNK, ADCS, ADCL, EX_h2s_e, GLYCLTDx, ASNN, ASNS2, ASPCT, DAPE, DHDPRy, HSK, SDPTA, THRS, DDPA, MALS, UGLYCH, ASPK, ASAD, CBMKr, PSERT, GAPD, ME2, IPPS, CYTD, DHDPS, H2SO, SOTA, SGSAD, PPM2, HSDy, GLUtex, GLYtex, Htex, H2Otex, O2tpp, PSP_L, SULabcpp, DRPA, TKT2, ARGabcpp, ASNt2rpp, ASPabcpp, ALLTNt2rpp, O2tex, CYTDt2pp_copy1, TRSARr, SO4tex, NH4tex, CYTDtex, LEUtex, MTHFC, MTHFD, GLYOX3, LADGMDH, ALAGLUE, LALGP, 3PEPTabcpp, 4PEPTabcpp, CITtex, LEUabcpp, NH4tpp, ASNNpp, ARGtex, GLUabcpp, 4PCP, EX_h2o_e, THDPS, GLUDy, NTPP5, EX_asn__L_e, XAND, H2Stex, OMCDC, E4PD, EX_nh4_e, 4PEPTtex, EX_cit_e, SHKK, EX_so4_e, SADH, GLUSy, PDH, H2St1pp, NTD8, PUNP4, SUCOAS, DHQS, PGCD, EX_gsn_e, PFK, PGM, TPI, RPI, PERD, ALLTNtex, ASNtex, EX_o2_e, EX_LalaDgluMdapDala_e, EX_LalaDgluMdap_e, 3PEPTtex, LDH_D2, GCALDD, LDH_D, HPYRI, GSNt2pp, GSNtex, AACTOOR, GLYCK, ACONTb, ACONTa, NADHPO, GLYt2pp, THRA, POR5, RNTR1c2, RNTR2c2, CITt3pp, ALLTAMH2, UGCIAMH, 4ABZGLUH, 4ABZGLUtr, GLYtpp, HPYRP, 4HTHRK, EX_4abzglu_e, 4ABZGLUtex, 4HTHRA
TKT2, RPE, 31, CS, ICDHyr, ASPTA, PGI, EDA, PGL, RPE, TALA, TKT1, EDD, MDH, FUM, ABTA, ASPT, GND, G6PDH2r, GLUDC, SSALy, THD2pp, TKT2, ATPS4rpp, NADPHQR2, GLUDy, PDH, RPI, SUCDi, ACONTb, ACONTa, NADH16pp, POR5, FLDR2
TKT2, TKT1, 29, CS, ICDHyr, ASPTA, PGI, EDA, PGL, RPE, TALA, TKT1, EDD, MDH, FUM, ABTA, ASPT, NADTRHD, GND, G6PDH2r, GLUDC, SSALy, THD2pp, TKT2, ATPS4rpp, NADPHQR2, GLUDy, PDH, RPI, SUCDi, ACONTb, ACONTa
TKT2, GND, 24, CS, ICDHyr, PGI, EDA, PGL, RPE, TALA, TKT1, EDD, MDH, FUM, ABTA, NADTRHD, GND, G6PDH2r, GLUDC, SSALy, TKT2, NADPHQR2, PDH, RPI, SUCDi, ACONTb, ACONTa
O2tex, ENO, 76, CS, ICDHyr, ACALD, ASPTA, ACLS, ENO, FBA, PGI, PGK, PGL, RPE, TALA, TKT1, ALCD2x, EX_val__L_e, VALTA, PFL, FTHFD, EX_glc__D_e, DHAD1, EX_gly_e, EX_ser__L_e, GHMT2r, ASPT, SERD_L, KARA1, NADTRHD, DHAPT, F6PA, AKGDH, HPYRRx, PSERT, GAPD, HEX1, GND, G6PDH2r, GLYtex, O2tpp, THD2pp, PSP_L, TKT2, ATPS4rpp, O2tex, SERtex, NH4tex, MTHFC, MTHFD, VALtex, EX_glyc__R_e, NH4tpp, GLYCAt2rpp, GLYCAtex, GLCptspp, GLCt2pp, GLUDy, ETOHtex, EX_nh4_e, EX_etoh_e, SUCOAS, PGCD, PFK, PGM, TPI, RPI, EX_o2_e, GLCtex_copy2, CYTBO3_4pp, SUCDi, ACONTb, ACONTa, NADH16pp, ETOHtrpp, GLYtpp, HPYRP, SERtpp, VALt3pp
O2tex, PGK, 81, EX_ac_e, CS, ICDHyr, ACALD, PPCK, PYK, ENO, FBA, MGSA, PGI, PGK, ALCD2x, PTAr, ACKr, EX_glc__D_e, MDH, FUM, SERD_L, ECOAH1, ECOAH2, ICL, HACD1, HACD2, FADRx, NADTRHD, F6PA, MALS, AKGDH, PSERT, GAPD, HEX1, H2Otex, O2tpp, 12PPDStex, ACtex, PSP_L, ACACT2r, EX_hxa_e, HXAtex, ACt2rpp, ATPS4rpp, O2tex, GLCtex_copy1, ALKP, GLYOX3, H2Otpp, GLCptspp, GLCt2pp, EX_h2o_e, GLUDy, ETOHtex, EX_etoh_e, EX_12ppd__S_e, ACACT1r, SUCOAS, PGCD, PFK, PGM, TPI, EX_o2_e, LALDO3, LDH_D, FACOAE60, HEXt2rpp, 12PPDStpp, CYTBO3_4pp, 12PPDRtpp, SUCDi, 12PPDRtex, ALR4x, ACONTb, ACONTa, EX_12ppd__R_e, ACOAD2f, NADH16pp, POR5, ETOHtrpp, FLDR2, ACOAD1fr, ALR2x, LCARSyi
O2tex, GAPD, 80, EX_ac_e, CS, ICDHyr, ACALD, PPCK, FBP, PYK, ENO, FBA, MGSA, PGI, PGK, ALCD2x, PTAr, ACKr, EX_glc__D_e, MDH, FUM, SERD_L, ECOAH1, ECOAH2, ICL, HACD1, HACD2, FADRx, NADTRHD, MALS, AKGDH, PSERT, GAPD, HEX1, H2Otex, O2tpp, 12PPDStex, ACtex, PSP_L, ACACT2r, EX_hxa_e, HXAtex, ACt2rpp, ATPS4rpp, O2tex, GLCtex_copy1, GLYOX3, H2Otpp, GLCptspp, GLCt2pp, EX_h2o_e, GLUDy, ETOHtex, EX_etoh_e, EX_12ppd__S_e, ACACT1r, SUCOAS, PGCD, PFK, PGM, TPI, EX_o2_e, LALDO3, LDH_D, FACOAE60, HEXt2rpp, 12PPDStpp, CYTBO3_4pp, 12PPDRtpp, SUCDi, 12PPDRtex, ALR4x, ACONTb, ACONTa, EX_12ppd__R_e, ACOAD2f, NADH16pp, POR5, ETOHtrpp, FLDR2, ACOAD1fr, ALR2x, LCARSyi
PGCD, GHMT2r, 108, EX_h_e, EX_arg__L_e, EX_glu__L_e, EX_gua_e, CS, ICDHyr, ME1, ASPTA, ENO, FBA, MGSA, PGK, RPE, TALA, TKT1, PFL, FTHFD, EX_alltn_e, MDH, OHPBAT, EX_gly_e, GHMT2r, THRD, GLYCL, PPC, URIC, GLXCL, CAT, ALLTN, AOBUTDs, GLYAT, AST, SGDS, GUAD, EX_h2s_e, GLYCLTDx, ASNN, HSK, THRS, MALS, UGLYCH, ASPK, ASAD, PSERT, GAPD, ME2, H2SO, SOTA, SGSAD, FTHFLi, HSDy, GLUtex, GLYtex, GUAtex, Htex, O2tpp, PSP_L, SULabcpp, TKT2, ARGabcpp, ASNt2rpp, ALLTNt2rpp, O2tex, TRSARr, SO4tex, NH4tex, MTHFC, MTHFD, CITtex, NH4tpp, ARGtex, GLUabcpp, GLUt2rpp, GLUDy, EX_asn__L_e, XAND, H2Stex, E4PD, EX_nh4_e, GUAt2pp, EX_cit_e, EX_so4_e, SADH, PDH, H2St1pp, SUCOAS, PGCD, PFK, PGM, TPI, RPI, PERD, ALLTNtex, ASNtex, EX_o2_e, GCALDD, AACTOOR, GLYCK, ACONTb, ACONTa, NADHPO, GLYt2pp, CITt3pp, ALLTAMH2, UGCIAMH, GLYtpp, 4HTHRK, 4HTHRA
PGM, O2tpp, 64, EX_h_e, EX_ac_e, ASPTA, PYK, ENO, FBA, MGSA, PGI, PGK, ALCD2x, EX_co2_e, PFL, PTAr, ACKr, EX_glc__D_e, GHMT2r, SERD_L, PPC, HPYRRy, HSK, THRS, HPYRRx, ASPK, ASAD, GLYCK2, PSERT, GAPD, FTHFLi, HSDy, Htex, H2Otex, O2tpp, ACtex, PSP_L, CO2tpp, ACt2rpp, ATPS4rpp, O2tex, CO2tex, MTHFC, MTHFD, H2Otpp, GLCptspp, EX_h2o_e, GLUDy, ETOHtex, PDH, EX_etoh_e, PGCD, PFK, PGM, TPI, EX_o2_e, GLCtex_copy2, CYTBO3_4pp, 12PPDRtpp, 12PPDRtex, ALR4x, EX_12ppd__R_e, NADH16pp, THRA, ETOHtrpp, ALR2x, HPYRP
PGM, O2tex, 64, EX_h_e, EX_ac_e, ASPTA, PYK, ENO, FBA, MGSA, PGI, PGK, ALCD2x, EX_co2_e, PFL, PTAr, ACKr, EX_glc__D_e, GHMT2r, SERD_L, PPC, HPYRRy, HSK, THRS, HPYRRx, ASPK, ASAD, GLYCK2, PSERT, GAPD, FTHFLi, HSDy, Htex, H2Otex, O2tpp, ACtex, PSP_L, CO2tpp, ACt2rpp, ATPS4rpp, O2tex, GLCtex_copy1, CO2tex, MTHFC, MTHFD, H2Otpp, GLCptspp, EX_h2o_e, GLUDy, ETOHtex, PDH, EX_etoh_e, PGCD, PFK, PGM, TPI, EX_o2_e, CYTBO3_4pp, 12PPDRtpp, 12PPDRtex, ALR4x, EX_12ppd__R_e, NADH16pp, THRA, ETOHtrpp, ALR2x, HPYRP
RPI, RPE, 28, CS, ICDHyr, ASPTA, PGI, EDA, PGL, RPE, TALA, TKT1, FRD2, EDD, ABTA, ASPT, NADTRHD, AKGDH, GND, G6PDH2r, GLUDC, SSALy, TKT2, NADPHQR3, GLUDy, SUCOAS, RPI, ACONTb, ACONTa, POR5, FLDR2
RPI, TKT1, 34, CS, ICDHyr, PYK, ENO, PGI, EDA, PGL, RPE, TALA, TKT1, EDD, MDH, FUM, ABTA, GLXCL, NADTRHD, HPYRRy, MALS, AKGDH, GLYCK2, GND, ME2, G6PDH2r, GLUDC, SSALy, TKT2, NADPHQR2, PDH, SUCOAS, RPI, HPYRI, SUCDi, ACONTb, ACONTa
RPI, TKT2, 25, CS, ICDHyr, ASPTA, PGI, EDA, PGL, RPE, TALA, TKT1, FRD2, EDD, ABTA, ASPT, NADTRHD, GND, G6PDH2r, GLUDC, SSALy, TKT2, NADPHQR3, GLUDy, PDH, RPI, ACONTb, ACONTa
PPPGO3, O2tpp, 0
PPPGO3, O2tex, 0
PDX5PO2, O2tpp, 0
PDX5PO2, O2tex, 0
OPHHX3, O2tpp, 0
OPHHX3, O2tex, 0
4HTHRK, OHPBAT, 15, PGK, OHPBAT, GLXCL, GAPD, TKT2, TRSARr, GLUDy, GLYCLTDy, E4PD, PDH, PERD, GCALDD, GLYCK, 4HTHRK, 4HTHRA
4HTHRK, E4PD, 15, PGK, OHPBAT, GLXCL, GAPD, TKT2, TRSARr, GLUDy, GLYCLTDy, E4PD, PDH, PERD, GCALDD, GLYCK, 4HTHRK, 4HTHRA
4HTHRK, PERD, 15, PGK, OHPBAT, GLXCL, GAPD, TKT2, TRSARr, GLUDy, GLYCLTDy, E4PD, PDH, PERD, GCALDD, GLYCK, 4HTHRK, 4HTHRA
4HTHRA, OHPBAT, 15, PGK, OHPBAT, GLXCL, GAPD, TKT2, TRSARr, GLUDy, GLYCLTDy, E4PD, PDH, PERD, GCALDD, GLYCK, 4HTHRK, 4HTHRA
4HTHRA, E4PD, 15, PGK, OHPBAT, GLXCL, GAPD, TKT2, TRSARr, GLUDy, GLYCLTDy, E4PD, PDH, PERD, GCALDD, GLYCK, 4HTHRK, 4HTHRA
4HTHRA, PERD, 15, PGK, OHPBAT, GLXCL, GAPD, TKT2, TRSARr, GLUDy, GLYCLTDy, E4PD, PDH, PERD, GCALDD, GLYCK, 4HTHRK, 4HTHRA
